genotype,treatment,geno_num,rep,num_of_plants,root_weigher,dry_root_wt,dry_root_wt_date,root_wt_notes,harvest_date,numeric_pt,algea_color_one,algea_color_two,shoot_wt,shoot_weigher,purpleness,shoot_weigh_date,weigh_notes,seed_or_reseed_date,sprout_date,transplant_date,gh_notes,centipede,harvest_notes,shoot_wt_by_num,total_biomass,total_biomass_by_num,seed_to_harvest,sprout_or_transplant_to_harvest
152961,L,1,A,1,LEY,2.12,2025-01-06T14:22:00Z,,7/3/2024,3,,,2.44,ET,1,2024-09-04T10:03:00Z,,4/26/2024,NA,NA,"Reseeded 26 Apr, sprouted?",n,,2.44,4.56,4.56,68,61
152961,L,1,B,2,J,1.37,2024-12-06T14:55:00Z,,7/9/2024,NA,,,1.17,ET,0,2024-08-22T12:05:00Z,20% Red (striping),4/4/2024,NA,4/26/2024,"No germ, transplanted 26 Apr, sprouted?",y,Centipede,0.59,2.54,1.275,NA,74
152961,L,1,C,1,J,1.26,2024-12-06T15:01:00Z,"Roots fell of sieve into water, loose roots lost",7/9/2024,2,,,1.08,ET,1,2024-08-22T12:08:00Z,,4/4/2024,NA,4/26/2024,"No germ, transplanted 26 Apr, sprouted ~20 may",y,Centipede,1.08,2.34,2.34,NA,74
152961,S,1,X,1,LEY,1.19,2025-01-06T14:22:00Z,,7/3/2024,3,black,,1.16,ET,2,2024-09-04T10:08:00Z,P = Red,4/26/2024,5/13/2024,NA,"Reseeded 26 Apr, sprouted?",y,Centipede,1.16,2.35,2.35,68,51
152961,S,1,Y,1,LEY,3.06,2025-01-02T11:01:00Z,,6/17/2024,NA,black,red,3.63,ET,0,2024-08-23T15:21:00Z,20% Red (striping),4/4/2024,4/11/2024,NA,,y,Centipede,3.63,6.69,6.69,74,67
152961,S,1,Z,1,WW,1.33,2025-01-07T13:21:00Z,,7/2/2024,1,,,1.69,ET,0,2024-08-23T13:00:00Z,20% Red,4/4/2024,4/11/2024,NA,,n,,1.69,3.02,3.02,89,82
152966,L,2,A,1,LEY,1.06,2025-01-02T10:43:00Z,,6/30/2024,NA,black,,1.36,ET,1,2024-08-26T10:35:00Z,,4/4/2024,4/11/2024,NA,,n,,1.36,2.42,2.42,87,80
152966,L,2,B,1,J,0.52,2024-12-06T15:03:00Z,,7/9/2024,NA,,,0.65,ET,1,2024-08-22T11:59:00Z,,4/4/2024,NA,4/26/2024,"No germ, transplanted 26 Apr",n,"Sieve fell in H2O, caught all roots I believe",0.65,1.17,1.17,NA,74
152966,L,2,C,2,J,1.33,2025-01-06T14:22:00Z,,6/18/2024,NA,orange,,1.32,ET,0,2024-08-26T13:34:00Z,,4/4/2024,4/11/2024,NA,,y,Centipede,0.66,2.65,1.325,75,68
152966,S,2,X,1,RP,2.37,2025-01-16T11:20:00Z,,6/18/2024,NA,,,2.9,ET,0,2024-08-26T13:57:00Z,,4/4/2024,4/11/2024,NA,,n,,2.9,5.27,5.27,75,68
152966,S,2,Y,3,RP,3.1,2025-02-11T15:14:00Z,,6/19/2024,NA,,,3.72,ET,1,2024-08-22T11:37:00Z,,4/4/2024,4/11/2024,NA,,n,,1.24,6.82,2.273333333,76,69
152966,S,2,Z,2,LEY,0.94,2025-01-06T14:22:00Z,,7/3/2024,NA,,,1.57,ET,1,2024-09-04T10:23:00Z,,4/4/2024,4/11/2024,NA,white moldy soil for a few days,n,,0.79,2.51,1.26,90,83
155149,L,3,A,1,J,1.4,2025-01-14T13:09:00Z,,6/18/2024,NA,,,2.74,ET,1,2024-08-28T10:47:00Z,,4/4/2024,NA,4/26/2024,"No germ, transplanted 26 Apr",n,,2.74,4.14,4.14,NA,53
155149,L,3,B,1,LEY,1.55,2025-01-02T10:57:00Z,,6/17/2024,NA,,,2.43,ET,1,2024-08-23T15:19:00Z,,4/4/2024,4/11/2024,NA,,n,,2.43,3.98,3.98,74,67
155149,L,3,C,1,J,1.32,2024-12-06T15:16:00Z,,7/17/2024,NA,,,1.26,ET,2,2024-08-23T13:49:00Z,,5/14/2024,5/22/2024,NA,"Reseeded 26 Apr, reseeded 14 May , sprouted ~22 may",n,Check the tag. this may be 3 Y. it is not,1.26,2.58,2.58,64,56
155149,S,3,X,1,LEY,2.27,2024-12-31T13:11:00Z,,6/28/2024,0,black,,4.39,MC,3,2024-08-19T16:26:00Z,,4/4/2024,4/11/2024,NA,,n,,4.39,6.66,6.66,85,78
155149,S,3,Y,1,J,0.75,2024-12-06T15:04:00Z,,7/17/2024,1,,,1.26,ET,1,2024-08-23T13:51:00Z,We're pretty sure this is 3Y,4/26/2024,5/13/2024,NA,"Reseeded 26 Apr, sprouted?",n,no bag,1.26,2.01,2.01,82,65
155149,S,3,Z,1,RP,0.44,2025-02-11T15:14:00Z,,6/19/2024,NA,,,0.4,ET,0,2024-08-22T10:39:00Z,,4/26/2024,5/9/2024,NA,"Reseeded 26 Apr, sprouted ~9 may",n,,0.4,0.84,0.84,54,41
156203,L,4,A,3,RP,1.36,2024-12-18T10:28:00Z,,6/27/2024,3,yellow,,1.4,MC,1,2024-08-21T15:06:00Z,,4/4/2024,4/11/2024,NA,,n,,0.47,2.76,0.923333333,84,77
156203,L,4,B,3,RP,1.98,2025-02-11T15:14:00Z,,6/19/2024,1,,,1.77,ET,2,2024-08-22T11:06:00Z,P = High 1 / Low 2,4/4/2024,4/11/2024,NA,,n,,0.59,3.75,1.25,76,69
156203,L,4,C,1,RP,2.72,2025-02-11T15:14:00Z,,6/19/2024,1,orange,,2.18,ET,1,2024-08-22T10:56:00Z,,4/4/2024,4/11/2024,NA,,n,,2.18,4.9,4.9,76,69
156203,S,4,X,3,RP,1.88,2025-02-11T15:14:00Z,,6/19/2024,NA,,,1.56,ET,1,2024-08-22T11:15:00Z,,4/4/2024,4/11/2024,NA,,n,,0.52,3.44,1.146666667,76,69
156203,S,4,Y,1,LEY,1.05,2025-01-06T14:22:00Z,,7/3/2024,1,,,1.3,ET,2,2024-09-04T10:26:00Z,,4/4/2024,4/11/2024,NA,,n,,1.3,2.35,2.35,90,83
156203,S,4,Z,3,J,1.49,2025-01-09T12:39:00Z,,6/21/2024,3,,,1.46,MC,1,2024-08-20T15:16:00Z,,4/4/2024,4/11/2024,NA,,n,2 shoot missing,0.49,2.95,0.986666667,78,71
156487,L,5,A,1,WW,1.99,2025-01-07T12:59:00Z,,7/2/2024,NA,,,2.61,ET,1,2024-08-23T12:23:00Z,,4/4/2024,4/11/2024,NA,,y,centipede,2.61,4.6,4.6,89,82
156487,L,5,B,2,RP,3.05,2025-02-11T15:14:00Z,,6/19/2024,3,orange,,3.3,ET,0,2024-08-22T11:19:00Z,,4/4/2024,4/11/2024,NA,,n,,1.65,6.35,3.175,76,69
156487,L,5,C,3,J,2.3,2025-01-06T14:22:00Z,,6/21/2024,3,pink,,2.09,MC,0,2024-08-20T15:16:00Z,,4/4/2024,4/11/2024,NA,,n,,0.7,4.39,1.466666667,78,71
156487,S,5,X,2,LEY,2.02,2024-12-31T10:57:00Z,,6/20/2024,NA,,,2.37,MC,1,2024-08-19T15:35:00Z,,4/4/2024,4/11/2024,NA,,y,"1 guess, centipede",1.19,4.39,2.2,77,70
156487,S,5,Y,1,LEY,4.11,2025-01-06T14:22:00Z,,7/3/2024,1,,,5.07,ET,2,2024-08-22T11:52:00Z,,4/4/2024,4/11/2024,NA,,n,,5.07,9.18,9.18,90,83
156487,S,5,Z,1,WW,2.75,2025-01-07T12:51:00Z,,7/2/2024,NA,,,3.45,ET,2,2024-08-23T11:00:00Z,,4/4/2024,4/11/2024,NA,,n,,3.45,6.2,6.2,89,82
157033,L,6,A,NA,,NA,,,NA,NA,,,NA,,NA,,,5/14/2024,NA,NA,"Reseeded 26 Apr, reseeded 14 May",n,dead,NA,NA,NA,NA,NA
157033,L,6,B,1,LEY,2.12,2025-01-02T11:03:00Z,,6/17/2024,NA,black,red,3.69,ET,2,2024-08-23T15:27:00Z,,4/4/2024,4/11/2024,NA,,n,pink red black,3.69,5.81,5.81,74,67
157033,L,6,C,NA,,NA,,,NA,NA,,,NA,,NA,,,5/14/2024,NA,NA,"Reseeded 26 Apr, reseeded 14 May",n,dead,NA,NA,NA,NA,NA
157033,S,6,X,1,RP,0.49,2025-02-11T15:14:00Z,,6/19/2024,3,,,0.25,ET,0,2024-08-22T10:14:00Z,,4/26/2024,5/13/2024,NA,Reseeded 26 Apr,n,,0.25,0.74,0.74,54,37
157033,S,6,Y,1,LEY,0.87,2024-12-30T13:29:00Z,,6/29/2024,1,orange,,1.53,ET,1,2024-08-23T15:08:00Z,,4/26/2024,5/9/2024,NA,"Reseeded 26 Apr, sprouted ~9 may",n,,1.53,2.4,2.4,64,51
157033,S,6,Z,1,LEY,1.47,2025-01-06T14:22:00Z,,7/3/2024,1,,,2.69,ET,2,2024-09-04T10:27:00Z,,4/4/2024,4/11/2024,NA,,n,,2.69,4.16,4.16,90,83
176766,L,7,A,NA,,NA,,,NA,NA,,,NA,,NA,,,5/14/2024,NA,NA,"Reseeded 26 Apr, reseeded 14 May",n,dead,NA,NA,NA,NA,NA
176766,L,7,B,NA,,NA,,,NA,NA,,,NA,,NA,,,5/14/2024,NA,NA,"Reseeded 26 Apr, reseeded 14 May",n,dead,NA,NA,NA,NA,NA
176766,L,7,C,NA,,NA,,,NA,NA,,,NA,,NA,,,5/14/2024,NA,NA,"Reseeded 26 Apr, reseeded 14 May",n,dead,NA,NA,NA,NA,NA
176766,S,7,X,NA,,NA,,,NA,NA,,,NA,,NA,,,5/14/2024,NA,NA,"Reseeded 26 Apr, reseeded 14 May. some white mold",n,dead,NA,NA,NA,NA,NA
176766,S,7,Y,NA,,NA,,,NA,NA,,,NA,,NA,,,5/14/2024,NA,NA,"Reseeded 26 Apr, reseeded 14 May",n,dead,NA,NA,NA,NA,NA
176766,S,7,Z,NA,,NA,,,NA,NA,,,NA,,NA,,,5/14/2024,NA,NA,"Reseeded 26 Apr, reseeded 14 May",n,dead,NA,NA,NA,NA,NA
179749,L,8,A,1,J,2.29,2025-01-06T14:22:00Z,,6/21/2024,1,,,3.96,MC,1,2024-08-21T15:06:00Z,,4/4/2024,4/11/2024,NA,,n,,3.96,6.25,6.25,78,71
179749,L,8,B,2,RP,1.72,2025-02-11T15:14:00Z,,6/19/2024,1,green,,3.08,ET,0,2024-08-22T09:51:00Z,,4/4/2024,4/11/2024,NA,,n,,1.54,4.8,2.4,76,69
179749,L,8,C,1,J,0.72,2024-12-06T15:14:00Z,,7/9/2024,NA,,,1.61,ET,0,2024-08-22T12:01:00Z,,4/4/2024,NA,4/26/2024,"No germ, transplanted 26 Apr",n,,1.61,2.33,2.33,NA,74
179749,S,8,X,1,LEY,2.52,2025-01-06T14:22:00Z,,7/3/2024,NA,,,7.09,ET,0,2024-09-04T10:28:00Z,,4/4/2024,4/11/2024,NA,,n,,7.09,9.61,9.61,90,83
179749,S,8,Y,3,RP,2.82,2025-02-11T15:14:00Z,,6/19/2024,NA,,,5.17,ET,1,2024-08-22T11:26:00Z,,4/4/2024,4/11/2024,NA,,n,,1.72,7.99,2.66,76,69
179749,S,8,Z,1,LEY,1.88,2025-01-02T10:47:00Z,,6/17/2024,NA,,,3.72,ET,1,2024-08-23T15:24:00Z,,4/4/2024,4/11/2024,NA,,n,,3.72,5.6,5.6,74,67
181080,L,9,A,NA,,NA,,,NA,NA,,,NA,,NA,,,5/14/2024,NA,NA,"Reseeded 26 Apr, reseeded 14 May",n,dead,NA,NA,NA,NA,NA
181080,L,9,B,1,RP,2.39,2025-01-16T11:40:00Z,,7/2/2024,1,,,4.43,ET,2,2024-08-23T12:21:00Z,,4/26/2024,5/9/2024,NA,"Reseeded 26 Apr, sprouted ~9 may",n,,4.43,6.82,6.82,67,54
181080,L,9,C,1,J,1.92,2025-01-09T12:48:00Z,,6/21/2024,NA,,,3.23,MC,3,2024-08-20T15:18:00Z,,4/4/2024,4/11/2024,NA,,n,hole in soil (maybe a plant was pulled),3.23,5.15,5.15,78,71
181080,S,9,X,1,LEY,2,2024-12-30T14:50:00Z,,7/1/2024,NA,,,6.6,ET,1,2024-08-22T12:16:00Z,,4/4/2024,4/11/2024,NA,,n,,6.6,8.6,8.6,88,81
181080,S,9,Y,1,J,1.46,2024-12-11T12:02:00Z,,7/17/2024,NA,,,3.48,ET,2,2024-08-23T14:37:00Z,,5/14/2024,5/20/2024,NA,"Reseeded 26 Apr, reseeded 14 May",n,,3.48,4.94,4.94,64,58
181080,S,9,Z,1,RP,2.01,2025-02-11T15:14:00Z,,6/19/2024,NA,,,4.24,ET,1,2024-08-22T11:11:00Z,,4/4/2024,4/11/2024,NA,,n,,4.24,6.25,6.25,76,69
181083,L,10,A,3,LEY,1.61,2024-12-31T12:30:00Z,,6/28/2024,0,purple,black,2.47,MC,4,2024-08-19T16:28:00Z,,4/4/2024,4/11/2024,NA,,n,,0.82,4.08,1.356666667,85,78
181083,L,10,B,NA,,NA,,,NA,NA,,,NA,,NA,,,5/14/2024,NA,NA,"Reseeded 26 Apr, reseeded 14 May",n,dead,NA,NA,NA,NA,NA
181083,L,10,C,1,J,0.27,2024-12-11T12:02:00Z,,7/17/2024,NA,,,0.21,ET,1,2024-08-23T13:41:00Z,,4/4/2024,NA,6/13/2024,"Reseeded 26 Apr, reseeded 14 May, transplanted  13 June",n,Just this root and tag were in bucket. Root seemed to of dissapeared.,0.21,0.48,0.48,NA,34
181083,S,10,X,1,J,0.9,2024-12-06T15:07:00Z,,7/17/2024,NA,,,1.36,ET,1,2024-08-23T14:43:00Z,,5/14/2024,5/20/2024,NA,"Reseeded 26 Apr, reseeded 14 May , sprouted ~20 may",n,,1.36,2.26,2.26,64,58
181083,S,10,Y,1,J,1.56,2024-12-11T12:02:00Z,,7/17/2024,NA,,,2.22,ET,2,2024-08-23T13:30:00Z,,5/14/2024,5/28/2024,NA,"Reseeded 26 Apr, reseeded 14 May, sprouted ~28 may",n,,2.22,3.78,3.78,64,50
181083,S,10,Z,1,LEY,1.41,2025-01-06T14:22:00Z,,7/3/2024,1,,,4.11,ET,1,2024-09-04T10:29:00Z,,4/26/2024,5/9/2024,NA,"Reseeded 26 Apr, sprouted ~9 may",n,,4.11,5.52,5.52,68,55
217691,L,11,A,1,LEY,2.06,2024-12-17T14:56:00Z,,7/9/2024,NA,,,3.71,WW,NA,2025-02-17T14:19:00Z,,4/4/2024,NA,4/26/2024,"No germ, transplanted 26 Apr",n,17 Jul or 9 Jul or 27 Jun,3.71,5.77,5.77,NA,74
217691,L,11,B,1,RP,2.78,2024-12-18T09:52:00Z,,6/27/2024,NA,,,3.49,WW,NA,2025-02-17T14:20:00Z,,4/4/2024,4/11/2024,NA,,n,17 Jul or 9 Jul or 27 Jun,3.49,6.27,6.27,84,77
217691,L,11,C,1,J,3.38,2025-01-14T13:09:00Z,,6/18/2024,NA,black,,3.88,ET,2,2024-08-26T13:32:00Z,,4/4/2024,4/11/2024,NA,,y,Centipede,3.88,7.26,7.26,75,68
217691,S,11,X,1,J,2.04,2025-01-14T13:09:00Z,,6/18/2024,NA,,,2.27,ET,2,2024-08-26T13:53:00Z,,4/4/2024,4/11/2024,NA,,n,,2.27,4.31,4.31,75,68
217691,S,11,Y,1,J,1.31,2024-12-06T15:09:00Z,,7/17/2024,NA,,,1.97,ET,3,2024-08-23T13:53:00Z,,5/14/2024,5/20/2024,NA,"Reseeded 26 Apr, reseeded 14 May, sprouted ~20 may",n,,1.97,3.28,3.28,64,58
217691,S,11,Z,1,LEY,1.18,2024-12-31T12:24:00Z,,6/28/2024,NA,black,,3.95,MC,3,2024-08-19T16:15:00Z,,4/4/2024,4/11/2024,NA,,n,,3.95,5.13,5.13,85,78
218112,L,12,A,2,LEY,1.94,2024-12-31T10:46:00Z,,6/20/2024,1,,,3.16,MC,1,2024-08-19T15:43:00Z,,4/4/2024,4/11/2024,NA,,n,1 guess,1.58,5.1,2.55,77,70
218112,L,12,B,2,J,1.67,2025-01-06T14:22:00Z,,6/21/2024,NA,,,2.53,MC,2,2024-08-21T15:06:00Z,,4/4/2024,4/11/2024,NA,,n,,1.27,4.2,2.105,78,71
218112,L,12,C,1,WW,1.37,2025-01-07T12:51:00Z,,7/2/2024,NA,,,2.8,ET,1,2024-08-23T11:19:00Z,,4/4/2024,4/11/2024,NA,,n,,2.8,4.17,4.17,89,82
218112,S,12,X,1,J,3.47,2025-01-14T13:09:00Z,,6/18/2024,NA,,,5.02,ET,1,2024-08-26T13:21:00Z,,4/4/2024,4/11/2024,NA,,n,,5.02,8.49,8.49,75,68
218112,S,12,Y,3,J,3.1,2025-01-06T14:22:00Z,,6/21/2024,1,,,4.54,MC,1,2024-08-21T15:06:00Z,,4/4/2024,4/11/2024,NA,,n,2 guessed,1.51,7.64,2.543333333,78,71
218112,S,12,Z,1,LEY,2.74,2025-01-06T14:22:00Z,,7/3/2024,1,,,7.2,ET,1,2024-09-04T10:01:00Z,,4/4/2024,4/11/2024,NA,,n,,7.2,9.94,9.94,90,83
221548,L,13,A,2,J,1.27,2025-01-09T12:22:00Z,,6/21/2024,NA,,,2.4,MC,1,2024-08-21T15:06:00Z,,4/4/2024,4/11/2024,NA,,n,1 guess,1.2,3.67,1.835,78,71
221548,L,13,B,2,J,1.7,2025-01-09T12:53:00Z,,6/21/2024,NA,,,1.44,MC,1,2024-08-21T15:06:00Z,,4/4/2024,4/11/2024,NA,,n,1 shoot missing,0.72,3.14,1.57,78,71
221548,L,13,C,1,J,1.71,2025-01-14T13:09:00Z,,6/18/2024,NA,,,1.29,ET,2,2024-08-26T13:09:00Z,P = High 2 / Low 3,4/4/2024,4/11/2024,NA,,n,,1.29,3,3,75,68
221548,S,13,X,2,J,2.14,2025-01-06T14:22:00Z,,6/21/2024,NA,,,2.95,MC,2,2024-08-20T15:16:00Z,,4/4/2024,4/11/2024,NA,,y,"centipede, 1 guess",1.48,5.09,2.55,78,71
221548,S,13,Y,3,RP,2.38,2025-01-16T11:12:00Z,0,6/18/2024,NA,,,3.27,ET,1,2024-08-28T10:50:00Z,,4/4/2024,4/11/2024,NA,,n,0,1.09,5.65,1.883333333,75,68
221548,S,13,Z,3,LEY,1.19,2025-01-02T11:07:00Z,,6/17/2024,NA,,,2.06,ET,2,2024-08-23T15:29:00Z,,4/4/2024,4/11/2024,NA,,n,,0.69,3.25,1.086666667,74,67
226096,L,14,A,NA,,NA,,,NA,NA,,,NA,,NA,,,5/14/2024,NA,NA,"Reseeded 29 Apr, reseeded 14 May",n,dead,NA,NA,NA,NA,NA
226096,L,14,B,NA,,NA,,,NA,NA,,,NA,,NA,,,5/14/2024,NA,NA,"Reseeded 29 Apr, reseeded 14 May",n,dead,NA,NA,NA,NA,NA
226096,L,14,C,NA,,NA,,,NA,NA,,,NA,,NA,,,5/14/2024,NA,NA,"Reseeded 29 Apr, reseeded 14 May",n,dead,NA,NA,NA,NA,NA
226096,S,14,X,1,J,1.49,2024-12-11T12:02:00Z,,7/17/2024,NA,,,1.4,ET,2,2024-08-23T13:59:00Z,,5/14/2024,5/28/2024,NA,"Reseeded 29 Apr, reseeded 14 May some mold on soil surface. sprouted ~28 may",n,,1.4,2.89,2.89,64,50
226096,S,14,Y,NA,,NA,,,NA,NA,,,NA,,NA,,,5/14/2024,NA,NA,"Reseeded 29 Apr, reseeded 14 May",n,dead,NA,NA,NA,NA,NA
226096,S,14,Z,NA,,NA,,,NA,NA,,,NA,,NA,,,4/29/2024,NA,NA,Reseeded 29 Apr,n,dead,NA,NA,NA,NA,NA
22913,L,15,A,NA,,NA,,,NA,NA,,,NA,,NA,,,4/4/2024,NA,4/26/2024,"No germ, transplanted 26 Apr",n,dead,NA,NA,NA,NA,NA
22913,L,15,B,1,LEY,2.59,2025-01-06T14:22:00Z,,7/3/2024,1,,,4.53,ET,1,2024-09-04T10:06:00Z,,4/4/2024,4/11/2024,NA,,n,,4.53,7.12,7.12,90,83
22913,L,15,C,2,LEY,3.94,2024-12-30T15:05:00Z,,7/1/2024,1,black,,6.18,ET,1,2024-08-22T12:25:00Z,,4/4/2024,4/11/2024,NA,,n,,3.09,10.12,5.06,88,81
22913,S,15,X,NA,,NA,,,NA,NA,,,NA,,NA,,,5/14/2024,NA,NA,"Reseeded 29 Apr, reseeded 14 May",n,dead,NA,NA,NA,NA,NA
22913,S,15,Y,NA,,NA,,,NA,NA,,,NA,,NA,,,5/14/2024,NA,NA,"Reseeded 29 Apr, reseeded 14 May",n,dead,NA,NA,NA,NA,NA
22913,S,15,Z,1,J,3.42,2025-01-14T13:09:00Z,,6/18/2024,3,,,5.1,ET,1,2024-08-26T13:18:00Z,,4/4/2024,4/11/2024,NA,,n,,5.1,8.52,8.52,75,68
300117,L,16,A,NA,,NA,,,NA,NA,,,NA,,NA,,,5/14/2024,NA,NA,"Reseeded 29 Apr, reseeded 14 May",n,dead,NA,NA,NA,NA,NA
300117,L,16,B,NA,,NA,,,NA,NA,,,NA,,NA,,,5/14/2024,NA,NA,"Reseeded 29 Apr, reseeded 14 May",n,dead,NA,NA,NA,NA,NA
300117,L,16,C,NA,,NA,,,NA,NA,,,NA,,NA,,,5/14/2024,NA,NA,"Reseeded 29 Apr, reseeded 14 May",n,dead,NA,NA,NA,NA,NA
300117,S,16,X,NA,,NA,,,NA,NA,,,NA,,NA,,,5/14/2024,NA,NA,"Reseeded 29 Apr, reseeded 14 May",n,dead,NA,NA,NA,NA,NA
300117,S,16,Y,NA,,NA,,,NA,NA,,,NA,,NA,,,5/14/2024,NA,NA,"Reseeded 29 Apr, reseeded 14 May",n,dead,NA,NA,NA,NA,NA
300117,S,16,Z,NA,,NA,,,NA,NA,,,NA,,NA,,,5/14/2024,NA,NA,"Reseeded 29 Apr, reseeded 14 May",n,dead,NA,NA,NA,NA,NA
300118,L,17,A,2,J,1.48,2025-01-09T12:22:00Z,,6/21/2024,1,,,1.85,MC,3,2024-08-21T15:06:00Z,,4/4/2024,4/11/2024,NA,,n,,0.93,3.33,1.67,78,71
300118,L,17,B,3,LEY,3.41,2025-01-02T10:36:00Z,,6/30/2024,3,black,,3.38,ET,2,2024-08-26T10:40:00Z,,4/4/2024,4/11/2024,NA,,n,,1.13,6.79,2.266666667,87,80
300118,L,17,C,1,RP,1.86,2025-01-16T12:06:00Z,,7/2/2024,NA,,,2.97,ET,1,2024-08-23T12:28:00Z,,4/4/2024,4/11/2024,NA,,n,,2.97,4.83,4.83,89,82
300118,S,17,X,3,LEY,2.44,2024-12-31T11:05:00Z,,6/20/2024,NA,,,2.41,MC,3,2024-08-19T15:26:00Z,,4/4/2024,4/11/2024,NA,,n,2 guessed,0.8,4.85,1.613333333,77,70
300118,S,17,Y,1,LEY,2.08,2024-12-31T10:52:00Z,,7/1/2024,NA,,,4.61,ET,4,2024-08-22T12:19:00Z,,4/4/2024,4/11/2024,NA,,n,,4.61,6.69,6.69,88,81
300118,S,17,Z,1,LEY,1.95,2024-12-30T14:18:00Z,,7/1/2024,1,,,3.42,ET,2,2024-08-22T12:18:00Z,,4/4/2024,4/11/2024,NA,,n,,3.42,5.37,5.37,88,81
329338,L,18,A,1,J,0.7,2024-12-06T15:12:00Z,,7/9/2024,NA,,,1,ET,1,2024-08-22T12:03:00Z,,4/4/2024,NA,4/26/2024,"No germ, transplanted 26 Apr",n,,1,1.7,1.7,NA,74
329338,L,18,B,1,J,1.4,2024-12-11T12:02:00Z,,7/17/2024,1,,,3.03,ET,2,2024-08-23T13:39:00Z,,5/14/2024,5/20/2024,NA,"Reseeded 29 Apr, reseeded 14 May",n,,3.03,4.43,4.43,64,58
329338,L,18,C,1,J,0.76,2024-12-06T15:18:00Z,,7/17/2024,NA,,,0.96,ET,1,2024-08-23T14:42:00Z,,5/14/2024,5/9/2024,NA,"Reseeded 29 Apr, reseeded 14 May, sprouted ~9 may",n,,0.96,1.72,1.72,64,69
329338,S,18,X,1,LEY,0.66,2025-01-06T14:22:00Z,,7/3/2024,3,,,0.97,ET,0,2024-09-04T10:09:00Z,,5/14/2024,NA,NA,"Reseeded 29 Apr, reseeded 14 May",n,,0.97,1.63,1.63,50,43
329338,S,18,Y,1,RP,4.42,2025-01-16T12:11:00Z,,7/2/2024,3,,,5.34,ET,2,2024-08-23T12:41:00Z,,4/4/2024,4/11/2024,NA,,n,,5.34,9.76,9.76,89,82
329338,S,18,Z,3,J,3.07,2025-01-09T12:22:00Z,,6/21/2024,1,black,,3,MC,1,2024-08-20T15:16:00Z,,4/29/2024,5/9/2024,NA,"Reseeded 29 Apr, sprouted ~9 may",n,,1,6.07,2.023333333,53,43
329435,L,19,A,1,LEY,3.34,2025-01-06T14:22:00Z,,7/3/2024,1,,,4.38,ET,0,2024-09-04T10:17:00Z,,4/4/2024,4/11/2024,NA,,n,,4.38,7.72,7.72,90,83
329435,L,19,B,2,J,2.37,2025-01-09T12:22:00Z,,6/21/2024,NA,,,3.3,MC,1,2024-08-20T15:16:00Z,,4/4/2024,4/11/2024,NA,,n,,1.65,5.67,2.835,78,71
329435,L,19,C,1,WW,3.29,2025-01-07T13:32:00Z,,7/2/2024,1,yellow,,5.05,ET,1,2024-08-23T12:38:00Z,,4/4/2024,4/11/2024,NA,,n,,5.05,8.34,8.34,89,82
329435,S,19,X,1,RP,2.14,2025-02-11T15:14:00Z,,6/19/2024,3,,,3.27,ET,0,2024-08-22T11:00:00Z,,4/4/2024,4/11/2024,NA,,n,,3.27,5.41,5.41,76,69
329435,S,19,Y,1,J,3.1,2025-01-06T14:22:00Z,,6/18/2024,3,,,3.37,ET,0,2024-08-26T13:55:00Z,,4/4/2024,NA,4/26/2024,"No germ, transplanted 26 Apr",n,,3.37,6.47,6.47,NA,53
329435,S,19,Z,1,RP,3.55,2025-02-11T15:14:00Z,,6/19/2024,3,black,green,6,ET,0,2024-08-22T11:32:00Z,,4/4/2024,4/11/2024,NA,,n,,6,9.55,9.55,76,69
330168,L,20,A,1,RP,3.16,2025-01-16T11:30:00Z,,6/18/2024,NA,pink,,3.7,ET,0,2024-08-28T10:47:00Z,,4/4/2024,4/11/2024,NA,,n,Roots sampled before harvest,3.7,6.86,6.86,75,68
330168,L,20,B,2,J,3.76,2025-01-06T14:22:00Z,,6/21/2024,1,black,,3.85,MC,1,2024-08-20T15:16:00Z,,4/4/2024,4/11/2024,NA,,n,1 guess,1.93,7.61,3.81,78,71
330168,L,20,C,1,LEY,2.31,2024-12-30T13:47:00Z,,6/29/2024,NA,black,,3.68,ET,1,2024-08-23T15:14:00Z,,4/4/2024,4/11/2024,NA,,n,,3.68,5.99,5.99,86,79
330168,S,20,X,1,J,4.01,2025-01-06T14:22:00Z,,6/18/2024,NA,black,red,4.71,ET,1,2024-08-28T10:47:00Z,"2 bags both labeled 20X, combining bags per Sedona's instruction",4/4/2024,NA,4/26/2024,"No germ, transplanted 26 Apr",n,20X was started June 17 & was not finished,4.71,8.72,8.72,NA,53
330168,S,20,Y,1,LEY,2.19,2024-12-30T13:43:00Z,,6/29/2024,NA,black,,4.79,ET,1,2024-08-23T15:16:00Z,,4/4/2024,4/11/2024,NA,,n,,4.79,6.98,6.98,86,79
330168,S,20,Z,2,J,2.47,2025-01-06T14:22:00Z,,6/21/2024,1,black,,4.24,MC,1,2024-08-20T15:16:00Z,,4/4/2024,4/11/2024,NA,,n,,2.12,6.71,3.355,78,71
330195,L,21,A,2,J,2.97,2025-01-09T12:22:00Z,,6/21/2024,1,black,,3.61,MC,3,2024-08-21T15:06:00Z,,4/4/2024,4/11/2024,NA,,n,,1.81,6.58,3.295,78,71
330195,L,21,B,1,RP,1.51,2025-01-16T11:52:00Z,,7/2/2024,2,,,1.31,ET,3,2024-08-23T11:39:00Z,P = High 2 / Low 3,4/4/2024,4/11/2024,NA,,n,,1.31,2.82,2.82,89,82
330195,L,21,C,1,RP,1.56,2025-02-11T15:14:00Z,,6/19/2024,NA,,,1.99,ET,2,2024-08-22T10:50:00Z,,4/4/2024,4/11/2024,NA,,n,,1.99,3.55,3.55,76,69
330195,S,21,X,3,J,2.29,2025-01-14T13:09:00Z,,6/18/2024,NA,,,3.4,ET,2,2024-08-28T10:47:00Z,,4/4/2024,4/11/2024,NA,,n,,1.13,5.69,1.893333333,75,68
330195,S,21,Y,3,J,2.22,2025-01-09T12:22:00Z,,6/21/2024,1,,,3.17,MC,3,2024-08-20T15:16:00Z,,4/4/2024,4/11/2024,NA,,n,,1.06,5.39,1.8,78,71
330195,S,21,Z,3,RP,2.22,2025-02-11T15:14:00Z,,6/19/2024,1,,,3.42,ET,2,2024-08-22T09:44:00Z,,4/4/2024,4/11/2024,NA,,n,2 guessed,1.14,5.64,1.88,76,69
337680,L,22,A,1,LEY,2.87,2025-01-02T11:14:00Z,,7/4/2024,3,black,,6.13,ET,2,2024-08-23T14:55:00Z,,4/4/2024,4/11/2024,NA,,n,,6.13,9,9,91,84
337680,L,22,B,1,LEY,2.38,2025-01-02T11:27:00Z,,7/4/2024,1,,,4.63,ET,1,2024-08-23T15:03:00Z,,4/4/2024,4/11/2024,NA,,n,,4.63,7.01,7.01,91,84
337680,L,22,C,1,LEY,0.57,2025-01-06T14:22:00Z,,7/3/2024,1,,,1.2,ET,1,2024-09-04T10:21:00Z,,4/4/2024,NA,4/26/2024,"No germ, transplanted 26 Apr",n,,1.2,1.77,1.77,NA,68
337680,S,22,X,1,LEY,2.65,2024-12-31T13:28:00Z,,6/28/2024,2,black,,6.65,MC,1,2024-08-19T15:59:00Z,,4/4/2024,4/11/2024,NA,,n,,6.65,9.3,9.3,85,78
337680,S,22,Y,1,LEY,2,2025-01-06T14:22:00Z,,7/3/2024,NA,,,5.17,ET,2,2024-08-22T11:50:00Z,,4/4/2024,4/11/2024,NA,,n,,5.17,7.17,7.17,90,83
337680,S,22,Z,1,LEY,1.97,2025-01-02T11:16:00Z,,7/4/2024,1,,,4.71,ET,2,2024-08-23T14:53:00Z,,4/4/2024,4/11/2024,NA,,n,,4.71,6.68,6.68,91,84
453106,L,23,A,1,J,0.98,2024-12-11T12:02:00Z,,7/17/2024,1,,,2.02,ET,1,2024-08-23T14:40:00Z,,4/4/2024,NA,5/28/2024,"Reseeded 29 Apr, reseeded 14 May, transplanted from 23x 28 may",n,,2.02,3,3,NA,50
453106,L,23,B,NA,,NA,,,NA,NA,,,NA,,NA,,,5/14/2024,NA,NA,"Reseeded 29 Apr, reseeded 14 May",n,dead,NA,NA,NA,NA,NA
453106,L,23,C,NA,,NA,,,NA,NA,,,NA,,NA,,,5/14/2024,NA,NA,"Reseeded 29 Apr, reseeded 14 May",n,dead,NA,NA,NA,NA,NA
453106,S,23,X,1,LEY,1.18,2025-01-06T14:22:00Z,,7/3/2024,1,,,1.85,ET,2,2024-09-04T10:15:00Z,P = High 1 / Low 2,5/14/2024,5/20/2024,NA,"Reseeded 29 Apr, reseeded 14 May",n,,1.85,3.03,3.03,50,44
453106,S,23,Y,2,J,3.38,2025-01-09T12:45:00Z,,6/21/2024,1,yellow,,5.16,MC,1,2024-08-21T15:06:00Z,,4/29/2024,5/9/2024,NA,"Reseeded 29 Apr, sprouted ~9 may",n,,2.58,8.54,4.27,53,43
453106,S,23,Z,1,LEY,2.64,2025-01-02T09:25:00Z,,6/28/2024,1,black,,6.21,MC,0,2024-08-19T16:18:00Z,,4/29/2024,5/9/2024,NA,"Reseeded 29 Apr, sprouted ~9 may",n,,6.21,8.85,8.85,60,50
506030,L,24,A,3,LEY,2.82,2025-01-02T09:41:00Z,,6/28/2024,3,black,green,2.69,MC,0,2024-08-19T16:39:00Z,,4/4/2024,NA,4/26/2024,"No germ, transplanted 26 Apr",n,,0.9,5.51,1.84,NA,63
506030,L,24,B,2,LEY,3.24,2024-12-31T11:11:00Z,,6/20/2024,1,black,,2.67,MC,0,2024-08-19T15:46:00Z,,4/4/2024,4/11/2024,NA,,n,,1.34,5.91,2.96,77,70
506030,L,24,C,3,LEY,3.45,2024-12-30T13:58:00Z,,7/1/2024,3,black,green,4.81,ET,1,2024-08-22T12:33:00Z,,4/4/2024,NA,4/26/2024,"No germ, transplanted 26 Apr",n,,1.6,8.26,2.75,NA,66
506030,S,24,X,1,LEY,5.44,2024-12-17T15:13:00Z,,6/27/2024,3,black,yellow,4.09,MC,0,2024-08-21T15:06:00Z,,4/4/2024,4/11/2024,NA,,n,The REAL 24X,4.09,9.53,9.53,84,77
506030,S,24,Y,2,J,3.21,2025-01-06T14:22:00Z,,6/21/2024,NA,,,3.17,MC,0,2024-08-20T15:16:00Z,,4/4/2024,4/11/2024,NA,,n,,1.59,6.38,3.195,78,71
506030,S,24,Z,3,LEY,3.94,2024-12-30T14:12:00Z,,7/1/2024,3,,,3.53,ET,1,2024-08-22T12:21:00Z,,4/4/2024,4/11/2024,NA,,n,,1.18,7.47,2.493333333,88,81
513898,L,25,A,1,RP,2.79,2025-01-16T10:51:00Z,,6/19/2024,3,black,,2.32,ET,1,2024-08-22T10:42:00Z,,4/4/2024,4/11/2024,NA,,n,,2.32,5.11,5.11,76,69
513898,L,25,B,2,J,1.91,2025-01-06T14:22:00Z,,6/18/2024,NA,,,2.31,ET,2,2024-08-26T13:13:00Z,Purple striping,4/4/2024,4/11/2024,NA,,n,1 guessed,1.16,4.22,2.115,75,68
513898,L,25,C,2,J,2.81,2025-01-14T13:09:00Z,,6/18/2024,NA,,,1.64,ET,1,2024-08-26T13:11:00Z,Reddish,4/4/2024,4/11/2024,NA,,n,,0.82,4.45,2.225,75,68
513898,S,25,X,2,J,4.09,2025-01-06T14:22:00Z,,6/21/2024,1,black,,3.51,MC,1,2024-08-20T15:16:00Z,,4/4/2024,4/11/2024,NA,,n,,1.76,7.6,3.805,78,71
513898,S,25,Y,4,LEY,4.22,2024-12-31T12:43:00Z,,6/28/2024,3,black,,3.8,MC,0,2024-08-19T16:13:00Z,,4/4/2024,4/11/2024,NA,,n,,0.95,8.02,2.005,85,78
513898,S,25,Z,2,J,5.1,2024-12-18T10:14:00Z,,6/27/2024,3,,,3.89,MC,0,2024-08-21T15:06:00Z,,4/4/2024,4/11/2024,NA,,n,,1.95,8.99,4.5,84,77
514456,L,26,A,1,RP,2.51,2025-02-11T15:14:00Z,,6/19/2024,NA,,,3.4,ET,1,2024-08-22T10:24:00Z,,4/4/2024,NA,4/26/2024,"No germ, transplanted 26 Apr",n,,3.4,5.91,5.91,NA,54
514456,L,26,B,1,LEY,1.79,2024-12-31T12:35:00Z,,6/28/2024,0,red,,2.57,MC,1,2024-08-19T16:24:00Z,,4/4/2024,NA,4/26/2024,"No germ, transplanted 26 Apr",n,,2.57,4.36,4.36,NA,63
514456,L,26,C,1,LEY,1.06,2025-01-02T10:49:00Z,,6/17/2024,NA,,,1.38,ET,1,2024-08-23T15:26:00Z,,4/4/2024,4/11/2024,NA,,n,,1.38,2.44,2.44,74,67
514456,S,26,X,1,RP,2.95,2025-02-11T15:14:00Z,,6/19/2024,NA,,,2.98,ET,0,2024-08-22T11:03:00Z,,4/4/2024,4/11/2024,NA,,n,,2.98,5.93,5.93,76,69
514456,S,26,Y,1,WW,3.08,2025-01-07T13:12:00Z,,7/2/2024,NA,,,4.06,ET,1,2024-08-23T12:44:00Z,,4/4/2024,4/11/2024,NA,,n,,4.06,7.14,7.14,89,82
514456,S,26,Z,1,J,2.7,2025-01-06T14:22:00Z,,6/18/2024,3,,,2.97,ET,1,2024-08-28T10:47:00Z,,4/4/2024,4/11/2024,NA,,y,Centipede,2.97,5.67,5.67,75,68
527045,L,27,A,1,LEY,1.16,2025-01-02T11:18:00Z,,7/4/2024,1,,,2.39,ET,1,2024-08-23T15:02:00Z,,4/4/2024,4/11/2024,NA,,n,,2.39,3.55,3.55,91,84
527045,L,27,B,1,J,1.45,2025-01-06T14:22:00Z,,6/18/2024,NA,,,2.84,ET,1,2024-08-26T13:50:00Z,,4/4/2024,NA,4/26/2024,"No germ, transplanted 26 Apr",n,,2.84,4.29,4.29,NA,53
527045,L,27,C,1,RP,2.31,2025-01-16T11:45:00Z,,7/2/2024,1,,,3.64,ET,1,2024-08-23T12:19:00Z,,4/4/2024,4/11/2024,NA,,n,,3.64,5.95,5.95,89,82
527045,S,27,X,2,LEY,3.27,2024-12-17T14:24:00Z,,7/9/2024,NA,,,5.75,WW,NA,2025-02-17T14:14:00Z,,4/4/2024,4/11/2024,NA,,n,17 Jul or 9 Jul or 27 Jun,2.88,9.02,4.515,96,89
527045,S,27,Y,3,LEY,2.46,2025-01-02T11:21:00Z,,7/4/2024,1,,,4.82,ET,2,2024-08-23T15:00:00Z,,4/4/2024,4/11/2024,NA,,n,,1.61,7.28,2.43,91,84
527045,S,27,Z,1,LEY,3.72,2025-01-06T14:22:00Z,,7/3/2024,2,,,7.7,ET,1,2024-09-04T10:19:00Z,,4/4/2024,4/11/2024,NA,,n,,7.7,11.42,11.42,90,83
533792,L,28,A,NA,,NA,,,NA,NA,,,NA,,NA,,,5/14/2024,NA,NA,"Reseeded 29 Apr, reseeded 14 May",n,dead,NA,NA,NA,NA,NA
533792,L,28,B,1,LEY,2.07,2024-12-17T14:49:00Z,,7/9/2024,NA,,,4.25,WW,NA,2025-02-17T14:17:00Z,,4/4/2024,4/11/2024,NA,,n,17 Jul or 9 Jul or 27 Jun,4.25,6.32,6.32,96,89
533792,L,28,C,1,J,0.56,2024-12-11T12:02:00Z,,7/17/2024,NA,,,0.87,ET,0,2024-08-23T13:57:00Z,,5/14/2024,5/22/2024,NA,"Reseeded 29 Apr, reseeded 14 May, sprouted ~22 may",n,,0.87,1.43,1.43,64,56
533792,S,28,X,1,LEY,2.17,2024-12-31T13:06:00Z,,6/28/2024,0,green,,5.67,MC,1,2024-08-19T16:21:00Z,,4/4/2024,4/11/2024,NA,,n,,5.67,7.84,7.84,85,78
533792,S,28,Y,1,RP,1.95,2025-02-11T15:14:00Z,,6/19/2024,1,,,2.2,ET,1,2024-08-22T11:46:00Z,,5/14/2024,NA,NA,"Reseeded 29 Apr, reseeded 14 May",n,,2.2,4.15,4.15,36,29
533792,S,28,Z,1,RP,1.56,2025-02-11T15:14:00Z,,6/19/2024,1,green,,2.75,ET,0,2024-08-22T10:54:00Z,,4/29/2024,5/9/2024,NA,"Reseeded 29 Apr, sprouted ~9 may",n,,2.75,4.31,4.31,51,41
535793,L,29,A,1,LEY,1.91,2024-12-30T14:35:00Z,,7/1/2024,NA,,,2.83,ET,1,2024-08-22T12:12:00Z,,4/4/2024,4/11/2024,NA,,n,,2.83,4.74,4.74,88,81
535793,L,29,B,NA,,NA,,,NA,NA,,,NA,,NA,,,5/14/2024,NA,NA,"Reseeded 29 Apr, reseeded 14 May",n,dead,NA,NA,NA,NA,NA
535793,L,29,C,1,J,0.87,2025-01-06T14:22:00Z,,6/18/2024,NA,,,1,ET,0,2024-08-26T13:44:00Z,,4/29/2024,5/9/2024,NA,"Reseeded 29 Apr, sprouted ~9 may",n,,1,1.87,1.87,50,40
535793,S,29,X,1,RP,0.95,2025-02-11T15:14:00Z,,6/19/2024,NA,,,1.51,ET,0,2024-08-22T10:30:00Z,,4/4/2024,4/11/2024,NA,,n,,1.51,2.46,2.46,76,69
535793,S,29,Y,1,J,1.41,2024-12-06T15:10:00Z,,7/17/2024,NA,,,1.65,ET,0,2024-08-23T13:55:00Z,,5/14/2024,5/20/2024,NA,"Reseeded 29 Apr, reseeded 14 May",n,,1.65,3.06,3.06,64,58
535793,S,29,Z,2,J,1.47,2024-12-06T14:58:00Z,,7/17/2024,NA,,,1.77,ET,1,2024-08-23T14:35:00Z,,4/29/2024,5/9/2024,NA,"Reseeded 29 Apr, sprouted ~9 may",n,,0.89,3.24,1.625,79,69
542718,L,30,A,1,WW,2.17,2025-01-07T12:51:00Z,,7/2/2024,NA,,,5.52,ET,1,2024-08-23T13:01:00Z,,4/4/2024,4/11/2024,NA,,n,,5.52,7.69,7.69,89,82
542718,L,30,B,1,WW,1.97,2025-01-07T12:51:00Z,,7/2/2024,2,,,5.26,ET,1,2024-08-23T13:03:00Z,,4/4/2024,NA,4/26/2024,"No germ, transplanted 26 Apr",n,,5.26,7.23,7.23,NA,67
542718,L,30,C,1,LEY,0.85,2025-01-02T09:52:00Z,,6/28/2024,1,orange,,2.32,MC,0,2024-08-19T16:32:00Z,,4/4/2024,NA,4/26/2024,"No germ, transplanted 26 Apr",n,,2.32,3.17,3.17,NA,63
542718,S,30,X,1,LEY,1.73,2025-01-02T11:31:00Z,,7/4/2024,1,,,3.7,ET,1,2024-08-23T14:58:00Z,,4/4/2024,4/11/2024,NA,,n,,3.7,5.43,5.43,91,84
542718,S,30,Y,1,RP,2.19,2024-12-18T10:22:00Z,,6/27/2024,NA,,,4.04,WW,NA,2025-02-17T14:15:00Z,,4/4/2024,NA,4/26/2024,"No germ, transplanted 26 Apr",n,17 Jul or 9 Jul or 27 Jun,4.04,6.23,6.23,NA,62
542718,S,30,Z,1,LEY,2.01,2025-01-02T10:54:00Z,,6/17/2024,NA,,,4.67,ET,1,2024-08-23T15:30:00Z,,4/4/2024,4/11/2024,NA,,n,,4.67,6.68,6.68,74,67
562732,L,31,A,1,LEY,2.07,2024-12-30T14:04:00Z,,7/1/2024,1,green,red,2.77,ET,1,2024-08-22T12:31:00Z,,4/4/2024,NA,4/26/2024,"No germ, transplanted 26 Apr",n,,2.77,4.84,4.84,NA,66
562732,L,31,B,2,LEY,2.84,2024-12-30T14:58:00Z,,7/1/2024,NA,black,,3.3,ET,0,2024-08-22T12:23:00Z,,4/4/2024,4/11/2024,NA,,n,,1.65,6.14,3.07,88,81
562732,L,31,C,1,J,2.7,2025-01-06T14:22:00Z,,6/18/2024,3,,,3.33,ET,0,2024-08-26T13:41:00Z,,4/4/2024,4/11/2024,NA,,n,,3.33,6.03,6.03,75,68
562732,S,31,X,2,J,2.79,2025-01-09T12:35:00Z,,6/21/2024,NA,,,4.12,MC,1,2024-08-20T15:16:00Z,,4/4/2024,4/11/2024,NA,,n,,2.06,6.91,3.455,78,71
562732,S,31,Y,1,J,3.99,2025-01-09T12:57:00Z,,6/21/2024,1,,,4.14,MC,1,2024-08-21T15:06:00Z,,4/4/2024,4/11/2024,NA,,n,,4.14,8.13,8.13,78,71
562732,S,31,Z,2,LEY,4.63,2024-12-31T11:33:00Z,,6/20/2024,3,,,6.16,MC,0,2024-08-19T15:30:00Z,,4/4/2024,4/11/2024,NA,,n,1 guess,3.08,10.79,5.395,77,70
562781,L,32,A,1,LEY,1.63,2024-12-31T13:21:00Z,,6/28/2024,NA,,,2.58,MC,0,2024-08-19T15:56:00Z,,4/4/2024,4/11/2024,NA,,n,,2.58,4.21,4.21,85,78
562781,L,32,B,2,J,3.86,2025-01-06T14:22:00Z,,6/18/2024,NA,black,,2.41,ET,1,2024-08-26T13:25:00Z,Purple + Red,4/4/2024,4/11/2024,NA,,n,1 guess,1.21,6.27,3.14,75,68
562781,L,32,C,2,LEY,2.49,2024-12-31T11:17:00Z,,6/20/2024,NA,,,3.04,MC,0,2024-08-19T15:36:00Z,,4/4/2024,4/11/2024,NA,,n,,1.52,5.53,2.765,77,70
562781,S,32,X,2,LEY,3.33,2024-12-30T14:45:00Z,,6/20/2024,1,yellow,,3.75,MC,0,2024-08-19T15:40:00Z,,4/4/2024,4/11/2024,NA,,n,1 guess,1.88,7.08,3.545,77,70
562781,S,32,Y,2,RP,3.44,2024-12-17T13:03:00Z,,7/9/2024,NA,,,3.46,WW,NA,2025-02-17T14:10:00Z,,4/4/2024,4/11/2024,NA,,n,17 Jul or 9 Jul or 27 Jun,1.73,6.9,3.45,96,89
562781,S,32,Z,1,LEY,3.81,2025-01-02T09:34:00Z,,6/28/2024,NA,green,,3.07,MC,0,2024-08-19T16:11:00Z,,4/4/2024,4/11/2024,NA,,n,,3.07,6.88,6.88,85,78
562997,L,33,A,3,LEY,3.43,2024-12-31T13:17:00Z,,6/28/2024,1,black,red,4.67,MC,1,2024-08-19T16:30:00Z,,4/4/2024,4/11/2024,NA,,n,,1.56,8.1,2.703333333,85,78
562997,L,33,B,2,RP,2.69,2025-01-16T12:17:00Z,,7/2/2024,1,,,2.99,ET,2,2024-08-23T12:26:00Z,,4/4/2024,4/11/2024,NA,,n,,1.5,5.68,2.845,89,82
562997,L,33,C,1,LEY,2.97,2024-12-30T14:28:00Z,,7/1/2024,3,pink,,3.82,ET,1,2024-08-22T12:28:00Z,,4/4/2024,NA,4/26/2024,"No germ, transplanted 26 Apr",n,,3.82,6.79,6.79,NA,66
562997,S,33,X,1,RP,3.11,2025-02-11T15:14:00Z,,6/19/2024,NA,,,3.58,ET,1,2024-08-22T09:48:00Z,,4/4/2024,NA,NA,,n,,3.58,6.69,6.69,76,69
562997,S,33,Y,3,LEY,2.49,2025-01-02T09:48:00Z,,6/28/2024,0,,,3.54,MC,0,2024-08-19T16:48:00Z,,4/4/2024,NA,NA,,n,,1.18,6.03,2.01,85,78
562997,S,33,Z,2,LEY,1.93,2025-01-02T10:23:00Z,,6/30/2024,3,black,red,2.3,ET,1,2024-08-26T10:42:00Z,Purple/Red Dotting,4/4/2024,NA,4/26/2024,"No germ, transplanted 26 Apr",n,Orange/Red Black,1.15,4.23,2.115,NA,65
563006,L,34,A,NA,,NA,,,NA,NA,,,NA,,NA,,,4/4/2024,NA,4/26/2024,"No germ, transplanted 26 Apr",n,dead,NA,NA,NA,NA,NA
563006,L,34,B,1,RP,2.22,2025-02-11T15:14:00Z,,6/19/2024,1,,,3.38,ET,0,2024-08-22T10:47:00Z,,4/4/2024,4/11/2024,NA,,n,,3.38,5.6,5.6,76,69
563006,L,34,C,1,J,2.63,2025-01-14T13:09:00Z,,6/18/2024,NA,green,,2.26,ET,0,2024-08-26T13:59:00Z,,4/4/2024,4/11/2024,NA,,n,Green PT? in water,2.26,4.89,4.89,75,68
563006,S,34,X,NA,,NA,,,NA,NA,,,NA,,NA,,,4/4/2024,NA,4/26/2024,"No germ, transplanted 26 Apr",n,dead,NA,NA,NA,NA,NA
563006,S,34,Y,1,LEY,2.51,2024-12-30T14:53:00Z,,7/1/2024,1,black,red,2.22,ET,1,2024-08-22T12:29:00Z,,4/4/2024,4/11/2024,NA,,n,red orange,2.22,4.73,4.73,88,81
563006,S,34,Z,NA,,NA,,,NA,NA,,,NA,,NA,,,4/4/2024,NA,4/26/2024,"No germ, transplanted 26 Apr",n,dead,NA,NA,NA,NA,NA
563329,L,35,A,1,J,3.9,2025-01-14T13:09:00Z,,6/18/2024,NA,,,4.14,ET,1,2024-08-26T13:50:00Z,,4/4/2024,NA,4/26/2024,"No germ, transplanted 26 Apr",n,,4.14,8.04,8.04,NA,53
563329,L,35,B,3,J,2.38,2025-01-06T14:22:00Z,,6/21/2024,NA,,,2.7,MC,4,2024-08-20T15:16:00Z,,4/4/2024,NA,NA,white moldy soil for a few days,y,centipede,0.9,5.08,1.693333333,78,71
563329,L,35,C,1,J,1.7,2025-01-06T14:22:00Z,,6/18/2024,NA,,,1.61,ET,2,2024-08-28T10:47:00Z,,4/4/2024,NA,4/26/2024,"No germ, transplanted 26 Apr",n,,1.61,3.31,3.31,NA,53
563329,S,35,X,2,LEY,3.5,2024-12-31T11:39:00Z,,6/20/2024,NA,,,4.01,MC,3,2024-08-19T15:33:00Z,,4/4/2024,4/11/2024,NA,,n,1 guess,2.01,7.51,3.76,77,70
563329,S,35,Y,2,LEY,3.67,2024-12-31T13:02:00Z,,6/28/2024,3,black,,6.51,MC,1,2024-08-19T15:53:00Z,,4/4/2024,NA,4/26/2024,"No germ, transplanted 26 Apr",n,1 is seeding,3.26,10.18,5.095,NA,63
563329,S,35,Z,1,RP,3.58,2024-12-18T10:04:00Z,,6/27/2024,3,black,red,5.48,MC,2,2024-08-21T15:06:00Z,,4/4/2024,4/11/2024,NA,,n,,5.48,9.06,9.06,84,77
563330,L,36,A,1,WW,2.6,2025-01-07T12:51:00Z,,7/2/2024,NA,,,4.39,ET,1,2024-08-23T11:49:00Z,,4/4/2024,NA,4/26/2024,"No germ, transplanted 26 Apr",n,,4.39,6.99,6.99,NA,67
563330,L,36,B,1,LEY,2.18,2025-01-02T10:41:00Z,,6/30/2024,1,black,,5.66,ET,1,2024-08-26T10:38:00Z,,4/4/2024,4/11/2024,NA,,n,,5.66,7.84,7.84,87,80
563330,L,36,C,1,RP,2.81,2025-02-11T15:14:00Z,,6/19/2024,3,black,,3.51,ET,1,2024-08-22T10:45:00Z,,4/4/2024,4/11/2024,NA,,n,,3.51,6.32,6.32,76,69
563330,S,36,X,1,LEY,2.85,2024-12-30T13:34:00Z,,6/29/2024,3,black,green,4.55,ET,1,2024-08-23T15:10:00Z,,4/4/2024,4/11/2024,NA,,n,,4.55,7.4,7.4,86,79
563330,S,36,Y,2,LEY,3.01,2024-12-31T11:25:00Z,,6/20/2024,NA,,,3.71,MC,1,2024-08-19T15:44:00Z,,4/4/2024,4/11/2024,NA,,n,1 guess,1.86,6.72,3.365,77,70
563330,S,36,Z,1,RP,2.81,2025-01-16T12:15:00Z,,7/2/2024,3,black,,5.2,ET,0,2024-08-23T11:00:00Z,,4/4/2024,NA,4/26/2024,"No germ, transplanted 26 Apr",n,,5.2,8.01,8.01,NA,67
563348,L,37,A,1,RP,3.46,2025-01-16T12:02:00Z,,7/2/2024,2,,,4.63,ET,1,2024-08-23T12:31:00Z,,4/4/2024,NA,4/26/2024,"No germ, transplanted 26 Apr",n,,4.63,8.09,8.09,NA,67
563348,L,37,B,1,LEY,3.25,2025-01-06T14:22:00Z,,7/3/2024,1,,,4.79,ET,0,2024-08-22T11:53:00Z,,4/4/2024,NA,4/26/2024,"No germ, transplanted 26 Apr",n,,4.79,8.04,8.04,NA,68
563348,L,37,C,1,LEY,1.9,2025-01-06T14:22:00Z,,7/3/2024,NA,,,2.01,ET,1,2024-09-04T10:13:00Z,,4/4/2024,4/11/2024,NA,,n,,2.01,3.91,3.91,90,83
563348,S,37,X,3,LEY,2.56,2025-01-02T10:30:00Z,,6/30/2024,NA,,,4.76,ET,1,2024-08-26T12:40:00Z,Red striping,4/4/2024,4/11/2024,NA,,n,,1.59,7.32,2.443333333,87,80
563348,S,37,Y,1,WW,6.1,2025-01-07T12:51:00Z,,7/2/2024,2,,,5.66,ET,1,2024-08-23T11:51:00Z,,4/4/2024,4/11/2024,NA,,n,,5.66,11.76,11.76,89,82
563348,S,37,Z,1,RP,2.36,2025-02-11T15:14:00Z,,6/28/2024,3,black,green,2.87,MC,0,2024-08-19T16:42:00Z,,4/4/2024,4/11/2024,NA,,n,,2.87,5.23,5.23,85,78
564163,L,38,A,1,RP,1.32,2025-01-16T11:36:00Z,,7/2/2024,3,,,1.75,ET,1,2024-08-23T11:53:00Z,,4/4/2024,4/11/2024,NA,,n,,1.75,3.07,3.07,89,82
564163,L,38,B,3,RP,1.52,2025-02-11T15:14:00Z,,6/19/2024,3,black,orange,1.76,ET,1,2024-08-22T11:30:00Z,,4/4/2024,4/11/2024,NA,,n,,0.59,3.28,1.096666667,76,69
564163,L,38,C,2,J,2.37,2025-01-06T14:22:00Z,,6/21/2024,NA,,,2.9,MC,0,2024-08-20T15:16:00Z,,4/4/2024,4/11/2024,NA,,n,,1.45,5.27,2.635,78,71
564163,S,38,X,2,J,2.17,2025-01-06T14:22:00Z,,6/18/2024,1,,,2.68,ET,1,2024-08-26T13:46:00Z,,4/4/2024,4/11/2024,NA,,n,1 guess,1.34,4.85,2.425,75,68
564163,S,38,Y,2,J,1.69,2025-01-09T13:01:00Z,,6/21/2024,NA,,,1.27,MC,1,2024-08-20T15:16:00Z,,4/4/2024,4/11/2024,NA,,n,1 guess,0.64,2.96,1.485,78,71
564163,S,38,Z,2,LEY,1.94,2025-02-11T15:14:00Z,,6/20/2024,1,,,2.19,MC,1,2024-08-19T15:37:00Z,,4/4/2024,4/11/2024,NA,,n,,1.1,4.13,2.07,77,70
641815,L,39,A,3,LEY,3.54,2024-12-31T11:47:00Z,,6/20/2024,1,,,3.77,MC,2,2024-08-19T15:29:00Z,,4/4/2024,4/11/2024,NA,,n,2 guessed,1.26,7.31,2.44,77,70
641815,L,39,B,2,LEY,2.83,2024-12-30T13:23:00Z,,6/29/2024,1,black,,3.44,ET,3,2024-08-23T15:12:00Z,,4/4/2024,4/11/2024,NA,,n,,1.72,6.27,3.135,86,79
641815,L,39,C,2,LEY,1.67,2024-12-31T12:18:00Z,,6/28/2024,NA,red,purple,3.15,MC,2,2024-08-19T16:34:00Z,,4/4/2024,4/11/2024,NA,,n,,1.58,4.82,2.415,85,78
641815,S,39,X,2,J,3.05,2025-01-14T13:09:00Z,,6/18/2024,3,black,,4.3,ET,2,2024-08-26T13:16:00Z,,4/4/2024,4/11/2024,NA,,n,1 guess,2.15,7.35,3.675,75,68
641815,S,39,Y,2,RP,2.66,2025-02-11T15:14:00Z,,6/19/2024,NA,,,3.59,ET,1,2024-08-22T11:28:00Z,,4/4/2024,4/11/2024,NA,,n,,1.8,6.25,3.13,76,69
641815,S,39,Z,3,J,2.6,2025-01-09T12:22:00Z,,6/21/2024,1,black,,3.4,MC,1,2024-08-20T15:16:00Z,,4/4/2024,4/11/2024,NA,,n,,1.13,6,1.996666667,78,71
655983,L,40,A,NA,,NA,,,NA,NA,,,NA,,NA,,,5/14/2024,NA,NA,"Reseeded 29 Apr, reseeded 14 May",n,dead,NA,NA,NA,NA,NA
655983,L,40,B,NA,,NA,,,NA,NA,,,NA,,NA,,,5/14/2024,NA,NA,"Reseeded 29 Apr, reseeded 14 May",n,dead,NA,NA,NA,NA,NA
655983,L,40,C,1,J,1.31,2024-12-06T15:20:00Z,,7/17/2024,NA,,,1.46,ET,1,2024-08-23T14:30:00Z,,5/14/2024,5/28/2024,NA,"Reseeded 29 Apr, reseeded 14 May , sprouted ~28 may",n,,1.46,2.77,2.77,64,50
655983,S,40,X,1,J,2.02,2024-12-11T12:02:00Z,,7/17/2024,NA,,,2.82,ET,1,2024-08-23T14:29:00Z,,5/14/2024,5/20/2024,NA,"Reseeded 29 Apr, reseeded 14 May",n,,2.82,4.84,4.84,64,58
655983,S,40,Y,NA,,NA,,,NA,NA,,,NA,,NA,,,5/14/2024,5/20/2024,NA,"Reseeded 29 Apr, reseeded 14 May , sprouted ~20 may",n,dead,NA,NA,NA,NA,NA
655983,S,40,Z,NA,,NA,,,NA,NA,,,NA,,NA,,,5/14/2024,NA,NA,"Reseeded 29 Apr, reseeded 14 May",n,dead,NA,NA,NA,NA,NA
92270,L,41,A,1,RP,2.23,2025-02-11T15:14:00Z,,6/19/2024,3,black,,6.38,ET,1,2024-08-22T10:28:00Z,,4/4/2024,4/11/2024,NA,,n,,6.38,8.61,8.61,76,69
92270,L,41,B,1,LEY,2.34,2025-01-02T10:18:00Z,,6/30/2024,3,black,green,8.97,ET,2,2024-08-26T12:38:00Z,,4/4/2024,4/11/2024,NA,,n,,8.97,11.31,11.31,87,80
92270,L,41,C,1,RP,2.88,2025-01-16T11:00:00Z,,6/19/2024,NA,,,6.16,ET,0,2024-08-22T10:22:00Z,,4/4/2024,4/11/2024,NA,,n,,6.16,9.04,9.04,76,69
92270,S,41,X,1,RP,2.7,2025-02-11T15:14:00Z,,6/19/2024,NA,,,5.33,ET,1,2024-08-22T11:17:00Z,,4/4/2024,4/11/2024,NA,,n,,5.33,8.03,8.03,76,69
92270,S,41,Y,1,LEY,1.85,2024-12-31T12:49:00Z,2.53,6/28/2024,3,black,green,9.15,MC,2,2024-08-19T16:46:00Z,,4/4/2024,4/11/2024,NA,,n,,9.15,11,11,85,78
92270,S,41,Z,2,LEY,2.1,2025-01-02T10:01:00Z,,6/28/2024,3,black,green,8.3,MC,4,2024-08-20T15:16:00Z,,4/4/2024,4/11/2024,NA,,n,,4.15,10.4,5.2,85,78
E29W1,L,42,A,2,LEY,2,2024-12-17T14:33:00Z,,6/20/2024,3,yellow,,3.21,MC,1,2024-08-19T15:24:00Z,,4/4/2024,4/11/2024,NA,Used 42B bag for all,n,,1.61,5.21,2.61,77,70
E29W1,L,42,B,1,LEY,1.47,2025-01-02T09:28:00Z,,6/28/2024,1,black,green,2.79,MC,2,2024-08-19T16:44:00Z,,4/4/2024,NA,4/26/2024,"No germ, transplanted 26 Apr",n,,2.79,4.26,4.26,NA,63
E29W1,L,42,C,1,RP,2.81,2025-02-11T15:14:00Z,,6/19/2024,NA,,,2.84,ET,2,2024-08-22T11:39:00Z,PT= High 1 / Low 2,4/4/2024,4/11/2024,NA,,n,,2.84,5.65,5.65,76,69
E29W1,S,42,X,1,RP,2.12,2025-02-11T15:14:00Z,,6/19/2024,NA,,,2.69,ET,2,2024-08-22T10:37:00Z,,4/4/2024,4/11/2024,NA,,n,,2.69,4.81,4.81,76,69
E29W1,S,42,Y,1,J,1.46,2025-01-06T14:22:00Z,,6/18/2024,NA,,,2.34,ET,1,2024-08-26T13:28:00Z,,4/4/2024,NA,4/26/2024,"No germ, transplanted 26 Apr",n,,2.34,3.8,3.8,NA,53
E29W1,S,42,Z,3,RP,3.89,2025-02-11T15:14:00Z,,6/19/2024,1,,,4.53,ET,1,2024-08-22T11:45:00Z,,4/4/2024,4/11/2024,NA,,n,,1.51,8.42,2.806666667,76,69
