"Timestamps","Port1","Port2","Port3","Port4","Port5","Port6","% Battery Percent","mV Battery Voltage","kPa Reference Pressure","°C Logger Temperature","Source"
NA,NA,NA,NA,NA,NA,NA,NA,NA,NA,NA,"Drought"
2022-07-29 10:00:00,0.307,0.267,0.268,0.29,0.314,0.29,100,7859,97.07,33.4,"Drought"
2022-07-29 11:00:00,0.308,0.267,0.269,0.29,0.314,0.29,100,7931,97.08,34.6,"Drought"
2022-07-29 12:00:00,0.308,0.267,0.269,0.29,0.315,0.291,100,7990,97.05,35.1,"Drought"
2022-07-29 13:00:00,0.309,0.267,0.269,0.291,0.316,0.292,100,8033,96.99,36,"Drought"
2022-07-29 14:00:00,0.309,0.267,0.27,0.291,0.317,0.292,100,8071,96.9,37.7,"Drought"
2022-07-29 15:00:00,0.31,0.268,0.27,0.292,0.318,0.293,100,8089,96.83,38.3,"Drought"
2022-07-29 16:00:00,0.312,0.268,0.27,0.293,0.319,0.294,100,8101,96.76,38.9,"Drought"
2022-07-29 17:00:00,0.313,0.269,0.271,0.293,0.321,0.295,100,8093,96.73,36,"Drought"
2022-07-29 18:00:00,0.314,0.269,0.271,0.294,0.322,0.296,100,8085,96.71,35.2,"Drought"
2022-07-29 19:00:00,0.315,0.27,0.272,0.294,0.322,0.297,100,8076,96.77,33,"Drought"
2022-07-29 20:00:00,0.315,0.27,0.272,0.295,0.323,0.297,100,8069,96.81,31,"Drought"
2022-07-29 21:00:00,0.315,0.27,0.272,0.295,0.323,0.297,100,8064,96.85,29.6,"Drought"
2022-07-29 22:00:00,0.315,0.27,0.272,0.295,0.322,0.296,100,8060,96.89,29,"Drought"
2022-07-29 23:00:00,0.315,0.27,0.272,0.295,0.322,0.296,100,8058,96.93,28.6,"Drought"
2022-07-30,0.314,0.269,0.272,0.294,0.322,0.295,100,8054,96.93,28,"Drought"
2022-07-30 01:00:00,0.314,0.269,0.272,0.294,0.322,0.295,100,8046,96.97,27.4,"Drought"
2022-07-30 02:00:00,0.314,0.269,0.272,0.294,0.321,0.295,100,8044,96.97,27,"Drought"
2022-07-30 03:00:00,0.313,0.269,0.272,0.294,0.321,0.294,100,8041,96.96,25.9,"Drought"
2022-07-30 04:00:00,0.313,0.268,0.271,0.293,0.321,0.294,100,8038,96.97,25.6,"Drought"
2022-07-30 05:00:00,0.313,0.268,0.271,0.293,0.32,0.294,100,8038,96.98,25.7,"Drought"
2022-07-30 06:00:00,0.312,0.268,0.271,0.293,0.32,0.293,100,8038,97.03,25.5,"Drought"
2022-07-30 07:00:00,0.312,0.268,0.271,0.293,0.32,0.293,100,8036,97.08,26.7,"Drought"
2022-07-30 08:00:00,0.312,0.268,0.271,0.292,0.319,0.293,100,8048,97.11,30.3,"Drought"
2022-07-30 09:00:00,0.311,0.267,0.27,0.292,0.319,0.293,100,8074,97.16,33.6,"Drought"
2022-07-30 10:00:00,0.311,0.267,0.27,0.292,0.318,0.293,100,8108,97.17,35.4,"Drought"
2022-07-30 11:00:00,0.311,0.267,0.27,0.291,0.319,0.293,100,8140,97.17,36.7,"Drought"
2022-07-30 12:00:00,0.311,0.267,0.269,0.291,0.319,0.293,100,8165,97.12,38.1,"Drought"
2022-07-30 13:00:00,0.311,0.267,0.269,0.291,0.32,0.294,100,8184,97.03,39.1,"Drought"
2022-07-30 14:00:00,0.312,0.267,0.269,0.292,0.32,0.295,100,8196,96.97,40,"Drought"
2022-07-30 15:00:00,0.313,0.267,0.27,0.292,0.321,0.296,100,8199,96.86,40.5,"Drought"
2022-07-30 16:00:00,0.314,0.267,0.27,0.293,0.323,0.297,100,8196,96.8,40.6,"Drought"
2022-07-30 17:00:00,0.315,0.267,0.27,0.293,0.323,0.298,100,8181,96.77,40.4,"Drought"
2022-07-30 18:00:00,0.315,0.268,0.271,0.294,0.324,0.298,100,8159,96.95,31.7,"Drought"
2022-07-30 19:00:00,0.316,0.268,0.273,0.295,0.325,0.299,100,8153,97.03,25.7,"Drought"
2022-07-30 20:00:00,0.316,0.269,0.273,0.295,0.325,0.299,100,8148,97.21,24.8,"Drought"
2022-07-30 21:00:00,0.316,0.268,0.273,0.295,0.325,0.298,100,8145,97.24,25,"Drought"
2022-07-30 22:00:00,0.315,0.268,0.272,0.295,0.324,0.297,100,8142,97.21,25.1,"Drought"
2022-07-30 23:00:00,0.315,0.268,0.272,0.294,0.324,0.297,100,8137,97.23,24.7,"Drought"
2022-07-31,0.314,0.267,0.271,0.294,0.323,0.296,100,8136,97.23,24.4,"Drought"
2022-07-31 01:00:00,0.313,0.267,0.271,0.293,0.322,0.295,100,8127,97.26,24.3,"Drought"
2022-07-31 02:00:00,0.313,0.267,0.271,0.293,0.322,0.295,100,8126,97.26,24.2,"Drought"
2022-07-31 03:00:00,0.312,0.266,0.27,0.292,0.321,0.294,100,8121,97.23,24.3,"Drought"
2022-07-31 04:00:00,0.312,0.266,0.27,0.292,0.321,0.294,100,8119,97.21,24.1,"Drought"
2022-07-31 05:00:00,0.312,0.266,0.27,0.291,0.32,0.293,100,8116,97.23,23.8,"Drought"
2022-07-31 06:00:00,0.311,0.265,0.27,0.291,0.32,0.293,100,8113,97.28,23.5,"Drought"
2022-07-31 07:00:00,0.311,0.265,0.269,0.291,0.319,0.293,100,8112,97.31,23.8,"Drought"
2022-07-31 08:00:00,0.31,0.265,0.269,0.29,0.319,0.292,100,8117,97.37,26.1,"Drought"
2022-07-31 09:00:00,0.31,0.265,0.269,0.29,0.318,0.292,100,8142,97.39,28.1,"Drought"
2022-07-31 10:00:00,0.31,0.265,0.268,0.29,0.318,0.292,100,8165,97.4,30.8,"Drought"
2022-07-31 11:00:00,0.309,0.264,0.268,0.289,0.318,0.292,100,8206,97.39,34.6,"Drought"
2022-07-31 12:00:00,0.309,0.264,0.268,0.289,0.318,0.292,100,8230,97.34,36.6,"Drought"
2022-07-31 13:00:00,0.31,0.264,0.268,0.289,0.318,0.293,100,8244,97.25,37.7,"Drought"
2022-07-31 14:00:00,0.31,0.264,0.267,0.289,0.319,0.293,100,8254,97.15,38.7,"Drought"
2022-07-31 15:00:00,0.311,0.264,0.268,0.29,0.32,0.294,100,8252,97.12,39.6,"Drought"
2022-07-31 16:00:00,0.312,0.264,0.268,0.291,0.321,0.296,100,8247,97.11,37.3,"Drought"
2022-07-31 17:00:00,0.313,0.264,0.268,0.291,0.322,0.297,100,8233,97.04,36,"Drought"
2022-07-31 18:00:00,0.314,0.265,0.268,0.292,0.323,0.297,100,8216,96.99,35.4,"Drought"
2022-07-31 19:00:00,0.314,0.265,0.268,0.292,0.323,0.297,100,8203,97.04,33.2,"Drought"
2022-07-31 20:00:00,0.314,0.265,0.269,0.292,0.323,0.298,100,8192,97.14,31.6,"Drought"
2022-07-31 21:00:00,0.314,0.265,0.269,0.292,0.323,0.297,100,8184,97.21,30.4,"Drought"
2022-07-31 22:00:00,0.314,0.264,0.269,0.292,0.323,0.297,100,8178,97.3,29.6,"Drought"
2022-07-31 23:00:00,0.314,0.264,0.269,0.292,0.322,0.296,100,8173,97.37,29,"Drought"
2022-08-01,0.313,0.264,0.268,0.291,0.322,0.296,100,8168,97.38,28.6,"Drought"
2022-08-01 01:00:00,0.313,0.264,0.268,0.291,0.321,0.295,100,8159,97.33,28.3,"Drought"
2022-08-01 02:00:00,0.312,0.264,0.268,0.291,0.321,0.295,100,8155,97.21,27.8,"Drought"
2022-08-01 03:00:00,0.312,0.263,0.268,0.29,0.32,0.295,100,8152,97.21,27.9,"Drought"
2022-08-01 04:00:00,0.311,0.263,0.267,0.29,0.32,0.294,100,8145,97.26,27.6,"Drought"
2022-08-01 05:00:00,0.311,0.263,0.267,0.29,0.319,0.294,100,8143,97.28,26.7,"Drought"
2022-08-01 06:00:00,0.311,0.263,0.267,0.29,0.319,0.294,100,8137,97.3,25.7,"Drought"
2022-08-01 07:00:00,0.31,0.263,0.267,0.289,0.319,0.293,100,8138,97.33,25.8,"Drought"
2022-08-01 08:00:00,0.31,0.263,0.266,0.289,0.318,0.293,100,8148,97.35,28.9,"Drought"
2022-08-01 09:00:00,0.309,0.262,0.266,0.289,0.318,0.292,100,8174,97.37,32.6,"Drought"
2022-08-01 10:00:00,0.309,0.262,0.266,0.288,0.317,0.292,100,8205,97.34,35.6,"Drought"
2022-08-01 11:00:00,0.309,0.261,0.265,0.288,0.317,0.292,100,8235,97.31,36.9,"Drought"
2022-08-01 13:00:00,0.309,0.261,0.265,0.288,0.317,0.293,100,8266,97.23,38.4,"Drought"
2022-08-01 17:00:00,0.31,0.261,0.264,0.289,0.32,0.296,100,8228,96.97,40.6,"Drought"
2022-08-01 21:00:00,0.314,0.261,0.265,0.29,0.322,0.299,100,8159,96.84,36.9,"Drought"
2022-08-02 01:00:00,0.313,0.261,0.265,0.29,0.322,0.298,100,8130,96.97,31.5,"Drought"
2022-08-02 05:00:00,0.311,0.26,0.264,0.289,0.32,0.296,100,8111,96.98,29.6,"Drought"
2022-08-02 09:00:00,0.309,0.259,0.263,0.287,0.317,0.294,100,8149,97.1,30.8,"Drought"
2022-08-02 13:00:00,0.307,0.257,0.261,0.285,0.315,0.293,100,8257,97.09,39.1,"Drought"
2022-08-02 17:00:00,0.308,0.255,0.26,0.285,0.317,0.296,100,8218,96.85,41.7,"Drought"
2022-08-02 21:00:00,0.31,0.254,0.259,0.286,0.319,0.298,100,8158,96.72,36.9,"Drought"
2022-08-03 01:00:00,0.309,0.253,0.259,0.285,0.318,0.297,100,8130,96.79,32.2,"Drought"
2022-08-03 05:00:00,0.307,0.252,0.258,0.283,0.315,0.294,100,8108,96.8,30.8,"Drought"
2022-08-03 09:00:00,0.304,0.251,0.257,0.282,0.313,0.293,100,8112,96.98,29.5,"Drought"
2022-08-03 13:00:00,0.303,0.25,0.256,0.28,0.311,0.292,100,8181,97.07,32.1,"Drought"
2022-08-03 17:00:00,0.302,0.246,0.253,0.277,0.31,0.292,100,8196,96.76,39.1,"Drought"
2022-08-03 21:00:00,0.303,0.244,0.251,0.277,0.311,0.294,100,8142,96.6,36,"Drought"
2022-08-04 01:00:00,0.303,0.244,0.251,0.277,0.31,0.293,100,8114,96.72,29.8,"Drought"
2022-08-04 05:00:00,0.3,0.243,0.251,0.276,0.308,0.292,100,8099,96.9,26.8,"Drought"
2022-08-04 09:00:00,0.298,0.243,0.251,0.275,0.306,0.29,100,8105,97.2,22.6,"Drought"
2022-08-04 13:00:00,0.296,0.241,0.249,0.273,0.303,0.288,100,8228,97.23,29.7,"Drought"
2022-08-04 17:00:00,0.295,0.239,0.247,0.271,0.303,0.288,100,8246,97.04,33.1,"Drought"
2022-08-04 21:00:00,0.295,0.238,0.246,0.271,0.303,0.289,100,8198,96.91,30,"Drought"
2022-08-05 01:00:00,0.294,0.237,0.246,0.27,0.302,0.288,100,8178,97.06,24.3,"Drought"
2022-08-05 05:00:00,0.292,0.237,0.245,0.269,0.3,0.286,100,8162,97.07,22.2,"Drought"
2022-08-05 09:00:00,0.29,0.236,0.244,0.268,0.298,0.285,100,8197,97.17,25.5,"Drought"
2022-08-05 13:00:00,0.325,0.303,0.305,0.307,0.326,0.326,100,8296,97.15,35.7,"Drought"
2022-08-05 17:00:00,0.346,0.372,0.344,0.351,0.35,0.363,100,8263,96.84,39,"Drought"
2022-08-05 21:00:00,0.335,0.306,0.313,0.331,0.34,0.34,100,8195,96.69,35.7,"Drought"
2022-08-06 01:00:00,0.333,0.297,0.306,0.325,0.339,0.333,100,8166,96.8,28.7,"Drought"
2022-08-06 05:00:00,0.331,0.292,0.302,0.322,0.337,0.329,100,8149,96.78,25.4,"Drought"
2022-08-06 09:00:00,0.329,0.288,0.299,0.319,0.336,0.326,100,8183,96.91,28.2,"Drought"
2022-08-06 13:00:00,0.328,0.283,0.295,0.315,0.335,0.323,100,8277,96.9,38.7,"Drought"
2022-08-06 17:00:00,0.328,0.277,0.291,0.312,0.336,0.322,100,8234,96.62,41.6,"Drought"
2022-08-06 21:00:00,0.328,0.273,0.289,0.311,0.336,0.321,100,8158,96.5,37.5,"Drought"
2022-08-07 01:00:00,0.327,0.271,0.288,0.309,0.335,0.318,100,8131,96.73,30.7,"Drought"
2022-08-07 05:00:00,0.325,0.269,0.286,0.307,0.333,0.315,100,8113,97,29.7,"Drought"
2022-08-07 09:00:00,0.324,0.268,0.285,0.306,0.331,0.313,100,8111,97.18,26.6,"Drought"
2022-08-07 13:00:00,0.322,0.265,0.282,0.303,0.329,0.311,100,8255,97.15,34.6,"Drought"
2022-08-07 17:00:00,0.321,0.261,0.28,0.3,0.33,0.313,100,8229,96.89,40.9,"Drought"
2022-08-07 21:00:00,0.323,0.259,0.279,0.3,0.332,0.315,100,8163,96.85,36.6,"Drought"
2022-08-08 01:00:00,0.322,0.259,0.279,0.3,0.331,0.313,100,8131,97.1,30.8,"Drought"
2022-08-08 05:00:00,0.321,0.258,0.278,0.298,0.329,0.311,100,8115,97.1,27.7,"Drought"
2022-08-08 09:00:00,0.319,0.257,0.276,0.297,0.327,0.309,100,8152,97.24,28.9,"Drought"
2022-08-08 13:00:00,0.317,0.255,0.274,0.293,0.325,0.308,100,8271,97.21,37.8,"Drought"
2022-08-08 17:00:00,0.315,0.251,0.271,0.289,0.326,0.311,100,8231,96.87,40.9,"Drought"
2022-08-08 21:00:00,0.316,0.249,0.27,0.288,0.328,0.313,100,8165,96.81,35.8,"Drought"
2022-08-09 01:00:00,0.314,0.25,0.27,0.289,0.327,0.312,100,8130,96.99,31.7,"Drought"
2022-08-09 05:00:00,0.312,0.249,0.269,0.288,0.325,0.309,100,8113,97.22,24,"Drought"
2022-08-09 09:00:00,0.31,0.248,0.268,0.286,0.322,0.307,100,8127,97.27,23.2,"Drought"
2022-08-09 13:00:00,0.307,0.247,0.265,0.283,0.319,0.305,100,8282,97.27,32.2,"Drought"
2022-08-09 17:00:00,0.304,0.244,0.263,0.281,0.319,0.306,100,8263,96.94,38.4,"Drought"
2022-08-09 21:00:00,0.304,0.243,0.263,0.281,0.32,0.308,100,8196,96.93,33.8,"Drought"
2022-08-10 01:00:00,0.304,0.243,0.263,0.281,0.319,0.307,100,8167,97.13,29,"Drought"
2022-08-10 05:00:00,0.302,0.243,0.262,0.28,0.317,0.305,100,8147,97.23,27.7,"Drought"
2022-08-10 09:00:00,0.3,0.242,0.26,0.279,0.315,0.303,100,8184,97.31,28.7,"Drought"
2022-08-10 13:00:00,0.297,0.24,0.258,0.276,0.312,0.303,100,8267,97.35,36.6,"Drought"
2022-08-10 17:00:00,0.294,0.237,0.255,0.274,0.31,0.305,100,8239,97.07,40.9,"Drought"
2022-08-10 21:00:00,0.294,0.236,0.254,0.274,0.311,0.307,100,8167,97.07,34.8,"Drought"
2022-08-11 01:00:00,0.294,0.236,0.255,0.274,0.311,0.305,100,8141,97.32,29.2,"Drought"
2022-08-11 05:00:00,0.292,0.235,0.254,0.273,0.308,0.303,100,8124,97.26,27.3,"Drought"
2022-08-11 09:00:00,0.29,0.234,0.252,0.272,0.307,0.302,100,8139,97.35,26.7,"Drought"
2022-08-11 13:00:00,0.287,0.231,0.249,0.268,0.302,0.3,100,8269,97.31,37.5,"Drought"
2022-08-11 17:00:00,0.282,0.227,0.244,0.266,0.297,0.302,100,8216,96.99,42.7,"Drought"
2022-08-11 21:00:00,0.281,0.225,0.242,0.266,0.294,0.303,100,8140,96.89,37.5,"Drought"
2022-08-12 01:00:00,0.281,0.225,0.243,0.267,0.294,0.303,100,8118,97,30.2,"Drought"
2022-08-12 05:00:00,0.28,0.224,0.242,0.265,0.293,0.3,100,8105,96.97,27.8,"Drought"
2022-08-12 09:00:00,0.278,0.223,0.241,0.264,0.29,0.298,100,8127,97.12,29.6,"Drought"
2022-08-12 13:00:00,0.274,0.22,0.238,0.261,0.282,0.297,100,8217,97.13,40,"Drought"
2022-08-12 17:00:00,0.272,0.218,0.236,0.261,0.279,0.298,100,8161,97.03,31.7,"Drought"
2022-08-12 21:00:00,0.272,0.219,0.236,0.261,0.278,0.297,100,8139,97.16,26.2,"Drought"
2022-08-13 01:00:00,0.271,0.218,0.235,0.26,0.277,0.295,100,8118,97.23,25.3,"Drought"
2022-08-13 05:00:00,0.269,0.218,0.234,0.258,0.276,0.293,100,8111,97.16,23.1,"Drought"
2022-08-13 09:00:00,0.268,0.217,0.234,0.257,0.275,0.292,100,8149,97.25,25.7,"Drought"
2022-08-13 13:00:00,0.266,0.215,0.231,0.256,0.269,0.29,100,8273,97.26,37.8,"Drought"
2022-08-13 17:00:00,0.263,0.211,0.228,0.255,0.263,0.291,100,8216,96.92,42.4,"Drought"
2022-08-13 21:00:00,0.265,0.21,0.228,0.258,0.263,0.293,100,8149,96.89,36.2,"Drought"
2022-08-14 01:00:00,0.265,0.21,0.229,0.258,0.263,0.292,100,8121,97.18,29.9,"Drought"
2022-08-14 05:00:00,0.264,0.21,0.228,0.257,0.261,0.29,100,8105,97.15,26.6,"Drought"
2022-08-14 09:00:00,0.262,0.209,0.228,0.255,0.26,0.288,100,8115,97.18,26.8,"Drought"
2022-08-14 13:00:00,0.26,0.207,0.225,0.254,0.256,0.286,100,8257,97.16,36.6,"Drought"
2022-08-14 17:00:00,0.259,0.203,0.223,0.254,0.252,0.286,100,8209,96.83,41.2,"Drought"
2022-08-14 21:00:00,0.261,0.203,0.224,0.256,0.252,0.286,100,8165,96.92,28.9,"Drought"
2022-08-15 01:00:00,0.26,0.202,0.224,0.255,0.251,0.284,100,8143,97.02,24.7,"Drought"
2022-08-15 05:00:00,0.258,0.202,0.223,0.253,0.249,0.282,100,8129,96.88,23.1,"Drought"
2022-08-15 09:00:00,0.256,0.201,0.222,0.251,0.248,0.28,100,8174,96.88,24.8,"Drought"
2022-08-15 13:00:00,0.254,0.199,0.22,0.25,0.245,0.277,100,8267,96.87,36.5,"Drought"
2022-08-15 17:00:00,0.254,0.196,0.219,0.25,0.244,0.275,100,8232,96.6,41,"Drought"
2022-08-15 21:00:00,0.256,0.196,0.22,0.252,0.244,0.274,100,8159,96.58,35.5,"Drought"
2022-08-16 01:00:00,0.256,0.196,0.22,0.253,0.244,0.273,100,8131,96.65,28.3,"Drought"
2022-08-16 05:00:00,0.254,0.195,0.22,0.251,0.242,0.271,100,8116,96.61,26,"Drought"
2022-08-16 09:00:00,0.253,0.194,0.219,0.25,0.241,0.269,100,8133,96.72,28.2,"Drought"
2022-08-16 13:00:00,0.251,0.192,0.217,0.248,0.239,0.266,100,8206,96.75,38.6,"Drought"
2022-08-16 17:00:00,0.251,0.189,0.216,0.248,0.237,0.263,100,8200,96.53,42.8,"Drought"
2022-08-16 21:00:00,0.252,0.189,0.216,0.25,0.238,0.262,100,8133,96.49,36.3,"Drought"
2022-08-17 01:00:00,0.252,0.189,0.217,0.25,0.238,0.261,100,8106,96.66,31.2,"Drought"
2022-08-17 05:00:00,0.251,0.188,0.216,0.249,0.237,0.259,100,8093,96.76,28.5,"Drought"
2022-08-17 09:00:00,0.249,0.188,0.215,0.247,0.235,0.257,100,8122,96.91,28.8,"Drought"
2022-08-17 13:00:00,0.248,0.186,0.214,0.246,0.234,0.254,100,8222,96.93,38.6,"Drought"
2022-08-17 17:00:00,0.248,0.183,0.213,0.246,0.234,0.253,100,8182,96.65,43.1,"Drought"
2022-08-17 21:00:00,0.249,0.184,0.214,0.248,0.235,0.252,100,8127,96.65,34.4,"Drought"
2022-08-18 01:00:00,0.249,0.184,0.214,0.248,0.234,0.251,100,8095,96.98,28.4,"Drought"
2022-08-18 05:00:00,0.247,0.183,0.214,0.246,0.233,0.249,100,8086,96.97,25.6,"Drought"
2022-08-18 09:00:00,0.246,0.183,0.213,0.245,0.232,0.247,100,8115,97.02,26.6,"Drought"
2022-08-18 13:00:00,0.245,0.181,0.212,0.244,0.231,0.245,100,8245,96.93,37,"Drought"
2022-08-18 17:00:00,0.245,0.179,0.211,0.245,0.231,0.245,100,8183,96.58,43.4,"Drought"
2022-08-18 21:00:00,0.247,0.18,0.213,0.247,0.233,0.246,100,8118,96.55,37.2,"Drought"
2022-08-19 01:00:00,0.247,0.18,0.213,0.247,0.232,0.244,100,8095,96.8,29.1,"Drought"
2022-08-19 05:00:00,0.246,0.179,0.213,0.246,0.231,0.242,100,8081,96.73,27.1,"Drought"
2022-08-19 09:00:00,0.244,0.179,0.212,0.244,0.23,0.241,100,8090,96.77,26.8,"Drought"
2022-08-19 13:00:00,0.243,0.178,0.211,0.243,0.229,0.239,100,8218,96.69,35.4,"Drought"
2022-08-19 17:00:00,0.243,0.177,0.21,0.244,0.229,0.239,100,8191,96.47,36.5,"Drought"
2022-08-19 21:00:00,0.244,0.177,0.211,0.245,0.23,0.24,100,8159,96.58,28,"Drought"
2022-08-20 01:00:00,0.243,0.177,0.211,0.244,0.229,0.238,100,8130,96.72,26,"Drought"
2022-08-20 05:00:00,0.242,0.176,0.21,0.243,0.228,0.237,100,8118,96.68,25.6,"Drought"
2022-08-20 09:00:00,0.241,0.175,0.21,0.241,0.227,0.236,100,8118,96.84,27,"Drought"
2022-08-20 13:00:00,0.24,0.175,0.209,0.241,0.226,0.235,100,8143,96.94,30.4,"Drought"
2022-08-20 17:00:00,0.241,0.175,0.209,0.241,0.227,0.235,100,8154,96.78,35,"Drought"
2022-08-20 21:00:00,0.241,0.175,0.21,0.242,0.228,0.236,100,8126,96.77,31.3,"Drought"
2022-08-21 01:00:00,0.241,0.175,0.21,0.242,0.227,0.235,100,8106,97.01,27,"Drought"
2022-08-21 05:00:00,0.24,0.174,0.209,0.241,0.226,0.234,100,8090,97.12,24,"Drought"
2022-08-21 09:00:00,0.239,0.173,0.209,0.24,0.225,0.232,100,8096,97.29,25.7,"Drought"
2022-08-21 13:00:00,0.238,0.173,0.208,0.239,0.225,0.232,100,8203,97.33,34.7,"Drought"
2022-08-21 17:00:00,0.238,0.173,0.208,0.24,0.225,0.233,100,8217,97.06,38.2,"Drought"
2022-08-21 21:00:00,0.24,0.173,0.209,0.242,0.227,0.234,100,8156,97.05,31.5,"Drought"
2022-08-22 01:00:00,0.24,0.172,0.209,0.242,0.227,0.233,100,8135,97.15,25.2,"Drought"
2022-08-22 05:00:00,0.238,0.171,0.208,0.241,0.225,0.231,100,8119,97.13,23,"Drought"
2022-08-22 09:00:00,0.237,0.171,0.208,0.239,0.224,0.23,100,8132,97.22,24.4,"Drought"
2022-08-22 13:00:00,0.236,0.17,0.207,0.238,0.223,0.229,100,8256,97.21,34.9,"Drought"
2022-08-22 17:00:00,0.237,0.17,0.207,0.24,0.224,0.23,100,8236,96.86,40.3,"Drought"
2022-08-22 21:00:00,0.239,0.17,0.208,0.242,0.226,0.232,100,8162,96.74,35.4,"Drought"
2022-08-23 01:00:00,0.239,0.17,0.209,0.242,0.226,0.231,100,8132,96.8,28.4,"Drought"
2022-08-23 05:00:00,0.238,0.169,0.208,0.241,0.225,0.229,100,8115,96.75,26.1,"Drought"
2022-08-23 09:00:00,0.237,0.169,0.208,0.24,0.224,0.228,100,8128,96.8,27.2,"Drought"
2022-08-23 13:00:00,0.236,0.168,0.207,0.239,0.223,0.227,100,8201,96.76,38.7,"Drought"
2022-08-23 17:00:00,0.236,0.167,0.206,0.24,0.224,0.228,100,8181,96.48,43.7,"Drought"
2022-08-23 21:00:00,0.238,0.167,0.208,0.242,0.225,0.23,100,8115,96.49,36.1,"Drought"
2022-08-24 01:00:00,0.238,0.167,0.209,0.242,0.225,0.229,100,8091,96.76,29.5,"Drought"
2022-08-24 05:00:00,0.237,0.166,0.208,0.24,0.224,0.227,100,8078,96.79,26.7,"Drought"
2022-08-24 09:00:00,0.236,0.166,0.207,0.239,0.223,0.225,100,8082,96.96,26.8,"Drought"
2022-08-24 13:00:00,0.235,0.165,0.206,0.238,0.222,0.224,100,8128,97,35.2,"Drought"
2022-08-24 17:00:00,0.235,0.164,0.206,0.238,0.222,0.225,100,8173,96.71,40.9,"Drought"
2022-08-24 21:00:00,0.237,0.164,0.207,0.24,0.224,0.227,100,8114,96.68,36.2,"Drought"
2022-08-25 01:00:00,0.237,0.164,0.208,0.241,0.224,0.226,100,8088,96.93,29.9,"Drought"
2022-08-25 05:00:00,0.236,0.164,0.207,0.239,0.223,0.225,100,8074,96.98,27.2,"Drought"
2022-08-25 09:00:00,0.235,0.163,0.207,0.238,0.222,0.223,100,8088,97.14,27.6,"Drought"
2022-08-25 13:00:00,0.234,0.162,0.206,0.237,0.221,0.222,100,8137,97.18,37.2,"Drought"
2022-08-25 17:00:00,0.234,0.161,0.205,0.238,0.221,0.224,100,8135,96.92,40.1,"Drought"
2022-08-25 21:00:00,0.235,0.162,0.207,0.239,0.222,0.225,100,8098,96.85,34.2,"Drought"
2022-08-26 01:00:00,0.235,0.161,0.207,0.239,0.222,0.224,100,8077,96.96,29,"Drought"
2022-08-26 05:00:00,0.234,0.161,0.206,0.238,0.221,0.222,100,8064,96.92,27.1,"Drought"
2022-08-26 09:00:00,0.233,0.16,0.206,0.237,0.22,0.221,100,8072,96.99,28.7,"Drought"
2022-08-26 13:00:00,0.232,0.159,0.205,0.235,0.219,0.22,100,8135,96.97,38.1,"Drought"
2022-08-26 17:00:00,0.232,0.159,0.205,0.236,0.219,0.222,100,8154,96.66,43.2,"Drought"
2022-08-26 21:00:00,0.234,0.159,0.207,0.239,0.221,0.223,100,8096,96.54,37.2,"Drought"
2022-08-27 01:00:00,0.234,0.159,0.207,0.239,0.221,0.223,100,8071,96.67,30.9,"Drought"
2022-08-27 05:00:00,0.233,0.158,0.206,0.237,0.22,0.221,100,8059,96.66,28.3,"Drought"
2022-08-27 09:00:00,0.232,0.158,0.206,0.236,0.219,0.22,100,8086,96.73,28.9,"Drought"
2022-08-27 13:00:00,0.231,0.157,0.205,0.235,0.218,0.219,100,8165,96.72,38.7,"Drought"
2022-08-27 17:00:00,0.232,0.156,0.205,0.236,0.218,0.22,100,8162,96.45,39.9,"Drought"
2022-08-27 21:00:00,0.233,0.157,0.206,0.237,0.22,0.221,100,8114,96.37,34.3,"Drought"
2022-08-28 01:00:00,0.233,0.156,0.206,0.237,0.219,0.22,100,8089,96.53,28.5,"Drought"
2022-08-28 05:00:00,0.232,0.156,0.205,0.236,0.218,0.219,100,8077,96.57,25.8,"Drought"
2022-08-28 09:00:00,0.23,0.155,0.204,0.234,0.217,0.217,100,8089,96.72,26.8,"Drought"
2022-08-28 13:00:00,0.229,0.154,0.204,0.233,0.216,0.216,100,8177,96.76,37.6,"Drought"
2022-08-28 17:00:00,0.23,0.154,0.203,0.234,0.217,0.218,100,8176,96.45,42.8,"Drought"
2022-08-28 21:00:00,0.232,0.154,0.205,0.236,0.219,0.22,100,8112,96.37,36,"Drought"
2022-08-29 01:00:00,0.232,0.154,0.205,0.237,0.219,0.219,100,8086,96.51,29.6,"Drought"
2022-08-29 05:00:00,0.231,0.154,0.204,0.235,0.217,0.217,100,8071,96.61,28.4,"Drought"
2022-08-29 09:00:00,0.23,0.153,0.204,0.234,0.216,0.216,100,8077,96.82,28.5,"Drought"
2022-08-29 13:00:00,0.229,0.152,0.203,0.233,0.215,0.215,100,8170,96.89,38.6,"Drought"
2022-08-29 17:00:00,0.229,0.152,0.202,0.234,0.216,0.216,100,8168,96.64,43.9,"Drought"
2022-08-29 21:00:00,0.232,0.153,0.204,0.236,0.218,0.218,100,8102,96.55,38.2,"Drought"
2022-08-30 01:00:00,0.232,0.153,0.204,0.236,0.218,0.217,100,8074,96.69,31,"Drought"
2022-08-30 05:00:00,0.231,0.152,0.203,0.234,0.217,0.216,100,8057,96.72,29.5,"Drought"
2022-08-30 09:00:00,0.229,0.151,0.202,0.233,0.215,0.214,100,8075,96.89,30.3,"Drought"
2022-08-30 13:00:00,0.228,0.15,0.202,0.232,0.215,0.214,100,8142,96.97,39.3,"Drought"
2022-08-30 17:00:00,0.229,0.15,0.201,0.232,0.215,0.215,100,8127,96.71,46.9,"Drought"
2022-08-30 21:00:00,0.231,0.151,0.203,0.235,0.217,0.217,100,8067,96.65,39.3,"Drought"
2022-08-31 01:00:00,0.231,0.151,0.203,0.235,0.217,0.216,100,8039,96.91,32.7,"Drought"
2022-08-31 05:00:00,0.23,0.151,0.203,0.233,0.216,0.215,100,8024,96.98,27.8,"Drought"
2022-08-31 09:00:00,0.229,0.15,0.202,0.232,0.214,0.213,100,8030,97.08,28.8,"Drought"
2022-08-31 13:00:00,0.227,0.148,0.201,0.231,0.213,0.212,100,8064,97.05,39.1,"Drought"
2022-08-31 17:00:00,0.228,0.147,0.2,0.231,0.214,0.213,100,8115,96.71,45.1,"Drought"
2022-08-31 21:00:00,0.23,0.149,0.201,0.233,0.215,0.215,100,8064,96.58,38,"Drought"
2022-09-01 01:00:00,0.23,0.149,0.202,0.233,0.216,0.214,100,8041,96.72,30.6,"Drought"
2022-09-01 05:00:00,0.229,0.148,0.201,0.232,0.214,0.212,100,8027,96.77,27.2,"Drought"
2022-09-01 09:00:00,0.228,0.147,0.2,0.23,0.213,0.211,100,8031,96.94,28,"Drought"
2022-09-01 13:00:00,0.227,0.146,0.199,0.229,0.212,0.21,100,8086,96.88,38.9,"Drought"
2022-09-01 17:00:00,0.227,0.146,0.2,0.23,0.213,0.212,100,8111,96.51,44.8,"Drought"
2022-09-01 21:00:00,0.23,0.147,0.201,0.232,0.215,0.214,100,8059,96.38,37.6,"Drought"
2022-09-02 01:00:00,0.23,0.147,0.202,0.232,0.215,0.213,100,8036,96.63,28.9,"Drought"
2022-09-02 05:00:00,0.228,0.146,0.201,0.23,0.213,0.211,100,8026,96.74,25.2,"Drought"
2022-09-02 09:00:00,0.226,0.145,0.2,0.228,0.211,0.209,100,8027,96.87,26.1,"Drought"
2022-09-02 13:00:00,0.225,0.144,0.199,0.227,0.21,0.208,100,8105,96.84,35.3,"Drought"
2022-09-02 17:00:00,0.225,0.144,0.198,0.228,0.211,0.209,100,8155,96.61,42.7,"Drought"
2022-09-02 21:00:00,0.227,0.144,0.199,0.23,0.213,0.211,100,8093,96.59,36.8,"Drought"
2022-09-03 01:00:00,0.228,0.144,0.199,0.23,0.213,0.21,100,8070,96.84,30,"Drought"
2022-09-03 05:00:00,0.226,0.144,0.199,0.229,0.211,0.209,100,8052,96.89,27.7,"Drought"
2022-09-03 09:00:00,0.225,0.143,0.198,0.227,0.21,0.207,100,8073,97.08,26.9,"Drought"
2022-09-03 13:00:00,0.224,0.142,0.197,0.226,0.209,0.206,100,8115,97.11,38.6,"Drought"
2022-09-03 17:00:00,0.224,0.142,0.197,0.227,0.21,0.207,100,8126,96.9,42.9,"Drought"
2022-09-03 21:00:00,0.226,0.143,0.198,0.228,0.211,0.209,100,8076,96.88,36.9,"Drought"
2022-09-04 01:00:00,0.226,0.143,0.198,0.229,0.211,0.208,100,8053,97.07,30.5,"Drought"
2022-09-04 05:00:00,0.225,0.143,0.197,0.227,0.21,0.207,100,8042,97.08,28.6,"Drought"
2022-09-04 09:00:00,0.224,0.142,0.197,0.226,0.209,0.206,100,8045,97.14,29,"Drought"
2022-09-04 13:00:00,0.223,0.141,0.196,0.225,0.208,0.205,100,8071,97.02,39,"Drought"
2022-09-04 17:00:00,0.223,0.141,0.196,0.226,0.209,0.206,100,8106,96.68,43.4,"Drought"
2022-09-04 21:00:00,0.225,0.142,0.196,0.227,0.21,0.207,100,8057,96.57,36.8,"Drought"
2022-09-05 01:00:00,0.225,0.143,0.197,0.227,0.21,0.207,100,8039,96.69,28,"Drought"
2022-09-05 05:00:00,0.224,0.142,0.196,0.226,0.208,0.205,100,8027,96.76,23.9,"Drought"
2022-09-05 09:00:00,0.222,0.141,0.195,0.225,0.207,0.204,100,8040,96.89,24.6,"Drought"
2022-09-05 13:00:00,0.221,0.139,0.194,0.223,0.206,0.203,100,8059,96.84,38.6,"Drought"
2022-09-05 17:00:00,0.222,0.139,0.194,0.224,0.207,0.204,100,8099,96.53,44.6,"Drought"
2022-09-05 21:00:00,0.224,0.14,0.195,0.226,0.209,0.206,100,8051,96.43,37.3,"Drought"
2022-09-06 01:00:00,0.224,0.141,0.196,0.226,0.209,0.205,100,8033,96.61,28.5,"Drought"
2022-09-06 05:00:00,0.223,0.14,0.195,0.225,0.208,0.204,100,8023,96.71,27.4,"Drought"
2022-09-06 09:00:00,0.221,0.139,0.194,0.224,0.206,0.202,100,8039,96.95,26.8,"Drought"
2022-09-06 13:00:00,0.22,0.138,0.193,0.223,0.205,0.202,100,8085,97.06,39.4,"Drought"
2022-09-06 17:00:00,0.221,0.138,0.194,0.223,0.207,0.203,100,8112,96.84,46.9,"Drought"
2022-09-06 21:00:00,0.223,0.14,0.195,0.226,0.209,0.205,100,8057,96.84,37.9,"Drought"
2022-09-07 01:00:00,0.223,0.141,0.195,0.226,0.208,0.204,100,8039,97.11,29.6,"Drought"
2022-09-07 05:00:00,0.222,0.14,0.195,0.225,0.207,0.203,100,8026,97.27,26.9,"Drought"
2022-09-07 09:00:00,0.221,0.139,0.194,0.224,0.206,0.202,100,8045,97.44,26.1,"Drought"
2022-09-07 13:00:00,0.22,0.137,0.193,0.222,0.205,0.201,100,8077,97.43,37,"Drought"
2022-09-07 17:00:00,0.22,0.137,0.193,0.223,0.206,0.202,100,8115,97.04,44.3,"Drought"
2022-09-07 21:00:00,0.222,0.139,0.194,0.225,0.208,0.204,100,8064,96.96,37,"Drought"
2022-09-08 01:00:00,0.222,0.139,0.195,0.226,0.208,0.203,100,8042,97.16,30.5,"Drought"
2022-09-08 05:00:00,0.221,0.138,0.194,0.224,0.207,0.202,100,8028,97.08,28.1,"Drought"
2022-09-08 09:00:00,0.22,0.137,0.194,0.223,0.205,0.201,100,8035,96.97,27.6,"Drought"
2022-09-08 13:00:00,0.219,0.136,0.193,0.222,0.205,0.2,100,8140,96.77,36,"Drought"
2022-09-08 17:00:00,0.22,0.136,0.193,0.223,0.206,0.201,100,8135,96.37,39.8,"Drought"
2022-09-08 21:00:00,0.22,0.137,0.193,0.224,0.206,0.202,100,8096,96.23,33.8,"Drought"
2022-09-09 01:00:00,0.22,0.137,0.193,0.224,0.206,0.201,100,8071,96.37,28.6,"Drought"
2022-09-09 05:00:00,0.219,0.136,0.193,0.222,0.205,0.2,100,8055,96.31,26.9,"Drought"
2022-09-09 09:00:00,0.218,0.135,0.192,0.221,0.204,0.199,100,8064,96.43,27.5,"Drought"
2022-09-09 13:00:00,0.217,0.134,0.191,0.22,0.203,0.198,100,8136,96.43,35.8,"Drought"
2022-09-09 17:00:00,0.217,0.134,0.192,0.221,0.204,0.199,100,8137,96.22,36.8,"Drought"
2022-09-09 21:00:00,0.218,0.134,0.193,0.222,0.205,0.2,100,8113,96.48,24.4,"Drought"
2022-09-10 01:00:00,0.217,0.134,0.192,0.221,0.203,0.198,100,8093,96.82,21.7,"Drought"
2022-09-10 05:00:00,0.215,0.133,0.191,0.219,0.202,0.196,100,8086,96.88,21.8,"Drought"
2022-09-10 09:00:00,0.214,0.132,0.19,0.218,0.2,0.195,100,8109,97.01,23,"Drought"
2022-09-10 13:00:00,0.213,0.13,0.189,0.217,0.199,0.194,100,8238,97.06,32.6,"Drought"
2022-09-10 17:00:00,0.213,0.13,0.189,0.217,0.2,0.195,100,8226,96.82,39.3,"Drought"
2022-09-10 21:00:00,0.215,0.132,0.19,0.22,0.202,0.197,100,8168,96.83,32.1,"Drought"
2022-09-11 01:00:00,0.215,0.132,0.19,0.22,0.202,0.197,100,8143,97.02,25.7,"Drought"
2022-09-11 05:00:00,0.214,0.131,0.19,0.219,0.201,0.195,100,8128,97.07,25,"Drought"
2022-09-11 09:00:00,0.213,0.13,0.189,0.217,0.2,0.194,100,8121,97.24,25.9,"Drought"
2022-09-11 13:00:00,0.212,0.13,0.188,0.217,0.199,0.194,100,8224,97.28,35.8,"Drought"
2022-09-11 17:00:00,0.213,0.13,0.188,0.218,0.2,0.195,100,8194,96.98,42.6,"Drought"
2022-09-11 21:00:00,0.215,0.132,0.189,0.22,0.217,0.197,100,8130,96.9,33.3,"Drought"
2022-09-12 01:00:00,0.215,0.134,0.189,0.219,0.264,0.197,100,8112,97.28,23.9,"Drought"
2022-09-12 05:00:00,0.214,0.131,0.188,0.217,0.257,0.195,100,8099,97.24,22.8,"Drought"
2022-09-12 09:00:00,0.212,0.13,0.187,0.216,0.252,0.194,100,8146,97.21,24.2,"Drought"
2022-09-12 13:00:00,0.211,0.129,0.187,0.214,0.246,0.194,100,8296,97.15,35.3,"Drought"
2022-09-12 17:00:00,0.212,0.129,0.187,0.215,0.241,0.195,100,8244,96.81,38.4,"Drought"
2022-09-12 21:00:00,0.214,0.13,0.189,0.217,0.239,0.197,100,8193,96.76,30.9,"Drought"
2022-09-13 01:00:00,0.214,0.13,0.189,0.217,0.237,0.197,100,8163,96.91,24.2,"Drought"
2022-09-13 05:00:00,0.212,0.129,0.188,0.216,0.234,0.196,100,8149,96.88,22.8,"Drought"
2022-09-13 09:00:00,0.211,0.128,0.187,0.214,0.231,0.195,100,8191,96.9,24.4,"Drought"
2022-09-13 13:00:00,0.211,0.128,0.186,0.213,0.227,0.194,100,8307,96.88,36.7,"Drought"
2022-09-13 17:00:00,0.212,0.129,0.187,0.215,0.226,0.196,100,8257,96.56,38.9,"Drought"
2022-09-13 21:00:00,0.214,0.13,0.189,0.217,0.226,0.198,100,8195,96.53,30.9,"Drought"
2022-09-14 01:00:00,0.214,0.13,0.189,0.217,0.225,0.198,100,8171,96.67,24.9,"Drought"
2022-09-14 05:00:00,0.213,0.129,0.188,0.216,0.223,0.197,100,8155,96.75,23.4,"Drought"
2022-09-14 09:00:00,0.212,0.129,0.187,0.214,0.221,0.196,100,8194,96.91,23.6,"Drought"
2022-09-14 13:00:00,0.211,0.128,0.186,0.213,0.219,0.195,100,8312,96.91,36.7,"Drought"
2022-09-14 17:00:00,0.212,0.129,0.187,0.214,0.219,0.196,100,8255,96.66,40.4,"Drought"
2022-09-14 21:00:00,0.214,0.131,0.189,0.217,0.22,0.199,100,8184,96.62,31.6,"Drought"
2022-09-15 01:00:00,0.214,0.131,0.189,0.217,0.22,0.198,100,8156,96.76,26.8,"Drought"
2022-09-15 05:00:00,0.213,0.13,0.188,0.216,0.218,0.197,100,8137,96.85,22.9,"Drought"
2022-09-15 09:00:00,0.212,0.13,0.187,0.215,0.216,0.196,100,8178,97,24,"Drought"
2022-09-15 13:00:00,0.211,0.129,0.186,0.214,0.215,0.195,100,8306,97,37.5,"Drought"
2022-09-15 17:00:00,0.212,0.13,0.187,0.215,0.216,0.197,100,8241,96.74,41,"Drought"
2022-09-15 21:00:00,0.214,0.132,0.189,0.217,0.217,0.199,100,8177,96.65,32.3,"Drought"
2022-09-16 01:00:00,0.215,0.132,0.189,0.217,0.216,0.199,100,8150,96.76,25.8,"Drought"
2022-09-16 05:00:00,0.214,0.131,0.188,0.216,0.215,0.197,100,8135,96.79,22.6,"Drought"
2022-09-16 09:00:00,0.212,0.13,0.187,0.215,0.213,0.196,100,8181,96.9,24.3,"Drought"
2022-09-16 13:00:00,0.212,0.13,0.186,0.214,0.212,0.195,100,8300,96.89,37.2,"Drought"
2022-09-16 17:00:00,0.212,0.131,0.187,0.215,0.213,0.197,100,8241,96.64,40.9,"Drought"
2022-09-16 21:00:00,0.215,0.132,0.188,0.217,0.215,0.199,100,8174,96.54,32.5,"Drought"
2022-09-17 01:00:00,0.215,0.132,0.189,0.217,0.214,0.198,100,8149,96.6,24.4,"Drought"
2022-09-17 05:00:00,0.214,0.131,0.188,0.216,0.213,0.197,100,8132,96.57,21.5,"Drought"
2022-09-17 09:00:00,0.213,0.13,0.187,0.215,0.211,0.196,100,8182,96.66,23.7,"Drought"
2022-09-17 13:00:00,0.212,0.13,0.186,0.214,0.21,0.195,100,8304,96.63,37.5,"Drought"
2022-09-17 17:00:00,0.212,0.131,0.186,0.215,0.211,0.196,100,8233,96.33,42.1,"Drought"
2022-09-17 21:00:00,0.215,0.132,0.188,0.217,0.213,0.198,100,8164,96.24,31.7,"Drought"
2022-09-18 01:00:00,0.215,0.132,0.189,0.217,0.212,0.198,100,8143,96.41,22.4,"Drought"
2022-09-18 05:00:00,0.213,0.131,0.188,0.216,0.211,0.197,100,8132,96.45,19.4,"Drought"
2022-09-18 09:00:00,0.212,0.13,0.186,0.214,0.209,0.195,100,8188,96.6,20.2,"Drought"
2022-09-18 13:00:00,0.211,0.13,0.185,0.213,0.208,0.194,100,8300,96.64,37.6,"Drought"
2022-09-18 17:00:00,0.212,0.13,0.185,0.214,0.209,0.195,100,8210,96.35,43.5,"Drought"
2022-09-18 21:00:00,0.214,0.131,0.188,0.217,0.211,0.198,100,8146,96.33,32.9,"Drought"
2022-09-19 01:00:00,0.214,0.132,0.188,0.217,0.211,0.197,100,8126,96.54,24.1,"Drought"
2022-09-19 05:00:00,0.213,0.131,0.187,0.216,0.209,0.196,100,8112,96.63,21.8,"Drought"
2022-09-19 09:00:00,0.212,0.13,0.186,0.215,0.208,0.195,100,8168,96.73,23.4,"Drought"
2022-09-19 13:00:00,0.211,0.13,0.185,0.214,0.207,0.194,100,8270,96.71,39.4,"Drought"
2022-09-19 17:00:00,0.212,0.131,0.186,0.215,0.208,0.196,100,8187,96.43,44.8,"Drought"
2022-09-19 21:00:00,0.215,0.132,0.188,0.217,0.21,0.198,100,8122,96.41,35.8,"Drought"
2022-09-20 01:00:00,0.215,0.132,0.189,0.218,0.21,0.198,100,8095,96.64,29.8,"Drought"
2022-09-20 05:00:00,0.215,0.132,0.188,0.217,0.209,0.197,100,8080,96.8,28,"Drought"
2022-09-20 09:00:00,0.214,0.131,0.187,0.216,0.208,0.196,100,8123,96.98,26.4,"Drought"
2022-09-20 13:00:00,0.213,0.131,0.186,0.215,0.207,0.195,100,8203,96.98,33.9,"Drought"
2022-09-20 17:00:00,0.214,0.131,0.186,0.216,0.208,0.196,100,8200,96.73,38.5,"Drought"
2022-09-20 21:00:00,0.215,0.132,0.188,0.217,0.209,0.197,100,8146,96.69,31.6,"Drought"
2022-09-21 01:00:00,0.215,0.132,0.188,0.217,0.209,0.197,100,8121,96.89,27.9,"Drought"
2022-09-21 05:00:00,0.214,0.131,0.188,0.217,0.208,0.196,100,8102,96.94,24.8,"Drought"
2022-09-21 09:00:00,0.213,0.131,0.187,0.216,0.207,0.195,100,8105,97.02,24.9,"Drought"
2022-09-21 13:00:00,0.213,0.131,0.186,0.215,0.215,0.195,100,8146,97.08,30,"Drought"
2022-09-21 17:00:00,0.212,0.132,0.184,0.215,0.262,0.194,100,8132,96.92,25.2,"Drought"
2022-09-21 21:00:00,0.211,0.131,0.183,0.214,0.26,0.194,100,8117,96.98,24,"Drought"
2022-09-22 01:00:00,0.211,0.13,0.182,0.213,0.257,0.193,100,8097,97.05,23.3,"Drought"
2022-09-22 05:00:00,0.21,0.129,0.182,0.213,0.255,0.192,100,8088,97.04,23.1,"Drought"
2022-09-22 09:00:00,0.209,0.129,0.181,0.212,0.253,0.192,100,8136,97.14,24.9,"Drought"
2022-09-22 13:00:00,0.209,0.128,0.181,0.212,0.249,0.192,100,8278,97.16,34.4,"Drought"
2022-09-22 17:00:00,0.21,0.129,0.181,0.213,0.244,0.193,100,8233,96.87,35.7,"Drought"
2022-09-22 21:00:00,0.211,0.13,0.183,0.214,0.241,0.194,100,8183,96.87,29.9,"Drought"
2022-09-23 01:00:00,0.211,0.131,0.183,0.214,0.24,0.194,100,8150,96.99,25.2,"Drought"
2022-09-23 05:00:00,0.21,0.13,0.182,0.213,0.238,0.193,100,8120,96.95,22.9,"Drought"
2022-09-23 09:00:00,0.209,0.129,0.181,0.212,0.235,0.192,100,8105,97.05,23.6,"Drought"
2022-09-23 13:00:00,0.208,0.128,0.18,0.211,0.232,0.192,100,8238,97.11,32.4,"Drought"
2022-09-23 17:00:00,0.209,0.129,0.181,0.212,0.228,0.193,100,8193,96.84,41.7,"Drought"
2022-09-23 21:00:00,0.212,0.13,0.183,0.215,0.227,0.195,100,8121,96.93,31.2,"Drought"
2022-09-24 01:00:00,0.212,0.13,0.183,0.215,0.226,0.195,100,8089,97.09,25.2,"Drought"
2022-09-24 05:00:00,0.211,0.129,0.182,0.214,0.224,0.194,100,8079,97.1,22,"Drought"
2022-09-24 09:00:00,0.21,0.129,0.181,0.213,0.222,0.193,100,8120,97.23,23.3,"Drought"
2022-09-24 13:00:00,0.209,0.128,0.18,0.212,0.219,0.192,100,8260,97.31,37.2,"Drought"
2022-09-24 17:00:00,0.21,0.129,0.181,0.213,0.218,0.194,100,8203,97.05,42.7,"Drought"
2022-09-24 21:00:00,0.212,0.131,0.183,0.215,0.219,0.196,100,8138,97,33.1,"Drought"
2022-09-25 01:00:00,0.212,0.131,0.184,0.215,0.218,0.196,100,8116,97.08,25.9,"Drought"
2022-09-25 05:00:00,0.211,0.13,0.183,0.214,0.216,0.195,100,8101,97.06,22.4,"Drought"
2022-09-25 09:00:00,0.21,0.129,0.182,0.213,0.215,0.194,100,8151,97.17,22.8,"Drought"
2022-09-25 13:00:00,0.209,0.129,0.181,0.212,0.213,0.193,100,8263,97.18,37.8,"Drought"
2022-09-25 17:00:00,0.21,0.129,0.181,0.213,0.213,0.194,100,8191,96.91,43.7,"Drought"
2022-09-25 21:00:00,0.213,0.131,0.183,0.216,0.214,0.197,100,8127,96.87,32.5,"Drought"
2022-09-26 01:00:00,0.213,0.131,0.184,0.216,0.214,0.196,100,8104,96.94,23.5,"Drought"
2022-09-26 05:00:00,0.212,0.13,0.183,0.214,0.212,0.195,100,8096,96.95,20.1,"Drought"
2022-09-26 09:00:00,0.21,0.129,0.182,0.213,0.211,0.194,100,8134,97.06,21.4,"Drought"
2022-09-26 13:00:00,0.209,0.128,0.181,0.212,0.209,0.193,100,8267,97.02,37.9,"Drought"
2022-09-26 17:00:00,0.21,0.129,0.181,0.213,0.21,0.194,100,8184,96.73,43.8,"Drought"
2022-09-26 21:00:00,0.213,0.131,0.183,0.216,0.212,0.196,100,8118,96.75,35.4,"Drought"
2022-09-27 01:00:00,0.213,0.131,0.184,0.216,0.211,0.196,100,8094,97,27.8,"Drought"
2022-09-27 05:00:00,0.212,0.131,0.183,0.215,0.21,0.195,100,8081,97,24.7,"Drought"
2022-09-27 09:00:00,0.211,0.13,0.183,0.214,0.209,0.194,100,8125,97.13,25.2,"Drought"
2022-09-27 13:00:00,0.211,0.129,0.182,0.213,0.208,0.194,100,8252,97.13,36.9,"Drought"
2022-09-27 17:00:00,0.212,0.13,0.182,0.214,0.209,0.195,100,8196,96.84,41.8,"Drought"
2022-09-27 21:00:00,0.214,0.131,0.184,0.216,0.21,0.196,100,8131,96.85,33.3,"Drought"
2022-09-28 01:00:00,0.214,0.131,0.185,0.216,0.21,0.196,100,8110,97.07,27.4,"Drought"
2022-09-28 05:00:00,0.213,0.13,0.184,0.215,0.209,0.195,100,8093,97.16,22.5,"Drought"
2022-09-28 09:00:00,0.212,0.13,0.183,0.214,0.207,0.194,100,8133,97.33,23.5,"Drought"
2022-09-28 13:00:00,0.211,0.129,0.182,0.213,0.206,0.193,100,8257,97.38,38.9,"Drought"
2022-09-28 17:00:00,0.212,0.13,0.183,0.214,0.207,0.195,100,8198,97.14,40.4,"Drought"
2022-09-28 21:00:00,0.213,0.131,0.185,0.216,0.209,0.196,100,8155,97.17,30.6,"Drought"
2022-09-29 01:00:00,0.213,0.131,0.185,0.216,0.208,0.196,100,8127,97.36,26.8,"Drought"
2022-09-29 05:00:00,0.212,0.13,0.184,0.215,0.207,0.195,100,8115,97.39,23.1,"Drought"
2022-09-29 09:00:00,0.211,0.129,0.184,0.214,0.206,0.194,100,8159,97.44,23.2,"Drought"
2022-09-29 13:00:00,0.211,0.129,0.183,0.213,0.205,0.193,100,8286,97.35,36.4,"Drought"
2022-09-29 17:00:00,0.216,0.157,0.193,0.219,0.213,0.209,100,8247,97.03,39.1,"Drought"
2022-09-29 21:00:00,0.353,0.368,0.366,0.35,0.351,0.358,100,8194,96.97,28.7,"Drought"
2022-09-30 01:00:00,0.355,0.368,0.367,0.35,0.352,0.357,100,8167,97,24.7,"Drought"
2022-09-30 05:00:00,0.343,0.356,0.34,0.337,0.347,0.354,100,8150,96.99,21.9,"Drought"
2022-09-30 09:00:00,0.335,0.337,0.325,0.326,0.341,0.348,100,8196,97.02,21.5,"Drought"
2022-09-30 13:00:00,0.332,0.325,0.317,0.32,0.337,0.341,100,8317,96.91,34.4,"Drought"
2022-09-30 17:00:00,0.33,0.317,0.311,0.316,0.332,0.336,100,8269,96.53,38.9,"Drought"
2022-09-30 21:00:00,0.329,0.31,0.308,0.314,0.332,0.333,100,8201,96.5,30,"Drought"
2022-10-01 01:00:00,0.327,0.305,0.305,0.313,0.33,0.33,100,8175,96.65,24.5,"Drought"
2022-10-01 05:00:00,0.325,0.301,0.303,0.31,0.328,0.327,100,8158,96.71,22,"Drought"
2022-10-01 09:00:00,0.324,0.299,0.301,0.308,0.326,0.324,100,8190,96.81,22.3,"Drought"
2022-10-01 13:00:00,0.322,0.296,0.298,0.306,0.325,0.322,100,8314,96.82,33.9,"Drought"
2022-10-01 17:00:00,0.322,0.294,0.297,0.305,0.324,0.321,100,8272,96.56,38.3,"Drought"
2022-10-01 21:00:00,0.322,0.292,0.296,0.305,0.324,0.32,100,8209,96.56,29.4,"Drought"
2022-10-02 01:00:00,0.32,0.289,0.295,0.303,0.323,0.318,100,8178,96.77,25.3,"Drought"
2022-10-02 05:00:00,0.318,0.287,0.293,0.302,0.321,0.316,100,8162,96.85,23.9,"Drought"
2022-10-02 09:00:00,0.317,0.285,0.291,0.301,0.32,0.314,100,8196,97.03,23.5,"Drought"
2022-10-02 13:00:00,0.315,0.283,0.289,0.299,0.318,0.313,100,8314,97.05,34.8,"Drought"
2022-10-02 17:00:00,0.315,0.282,0.288,0.298,0.318,0.313,100,8268,96.81,38.4,"Drought"
2022-10-02 21:00:00,0.315,0.281,0.288,0.299,0.318,0.313,100,8208,96.81,29.2,"Drought"
2022-10-03 01:00:00,0.314,0.28,0.287,0.298,0.317,0.311,100,8181,96.92,23.2,"Drought"
2022-10-03 05:00:00,0.312,0.278,0.286,0.296,0.315,0.309,100,8167,96.95,21.1,"Drought"
2022-10-03 09:00:00,0.31,0.276,0.284,0.295,0.313,0.307,100,8206,97.08,22.5,"Drought"
2022-10-03 13:00:00,0.308,0.274,0.282,0.293,0.312,0.306,100,8318,97.07,34.1,"Drought"
2022-10-03 17:00:00,0.307,0.273,0.281,0.292,0.311,0.306,100,8257,96.78,39.4,"Drought"
2022-10-03 21:00:00,0.307,0.273,0.281,0.293,0.311,0.306,100,8204,97.05,27.2,"Drought"
2022-10-04 01:00:00,0.306,0.272,0.28,0.292,0.31,0.305,100,8175,97.07,22.2,"Drought"
2022-10-04 05:00:00,0.305,0.27,0.279,0.29,0.308,0.302,100,8159,97.04,17.8,"Drought"
2022-10-04 09:00:00,0.303,0.268,0.277,0.288,0.306,0.3,100,8200,97.14,19,"Drought"
2022-10-04 13:00:00,0.301,0.266,0.275,0.287,0.304,0.299,100,8351,97.13,30.5,"Drought"
2022-10-04 17:00:00,0.299,0.266,0.275,0.288,0.305,0.301,100,8316,96.88,35.3,"Drought"
2022-10-04 21:00:00,0.3,0.267,0.276,0.29,0.307,0.303,100,8248,96.93,28.8,"Drought"
2022-10-05 01:00:00,0.299,0.267,0.276,0.289,0.306,0.302,100,8217,97.13,22.4,"Drought"
2022-10-05 05:00:00,0.298,0.265,0.275,0.288,0.305,0.3,100,8201,97.17,18.3,"Drought"
2022-10-05 09:00:00,0.297,0.264,0.274,0.286,0.303,0.298,100,8276,97.29,19.8,"Drought"
2022-10-05 13:00:00,0.296,0.263,0.272,0.285,0.302,0.297,100,8371,97.3,33.6,"Drought"
2022-10-05 17:00:00,0.299,0.264,0.274,0.287,0.304,0.299,100,8308,97.01,36.8,"Drought"
2022-10-05 21:00:00,0.301,0.265,0.276,0.289,0.306,0.302,100,8241,97.04,29.3,"Drought"
2022-10-06 01:00:00,0.3,0.265,0.275,0.288,0.305,0.301,100,8210,97.22,25.8,"Drought"
2022-10-06 05:00:00,0.299,0.264,0.274,0.287,0.303,0.299,100,8190,97.31,22.9,"Drought"
2022-10-06 09:00:00,0.297,0.263,0.273,0.285,0.302,0.297,100,8238,97.42,22.2,"Drought"
2022-10-06 13:00:00,0.296,0.262,0.272,0.284,0.301,0.296,100,8369,97.46,32.8,"Drought"
2022-10-06 17:00:00,0.299,0.263,0.273,0.286,0.303,0.298,100,8307,97.16,36.2,"Drought"
2022-10-06 21:00:00,0.301,0.264,0.275,0.288,0.305,0.3,100,8246,97.26,28.9,"Drought"
2022-10-07 01:00:00,0.3,0.263,0.275,0.287,0.304,0.299,100,8216,97.42,22.6,"Drought"
2022-10-07 05:00:00,0.298,0.262,0.273,0.285,0.302,0.297,100,8200,97.46,18.4,"Drought"
2022-10-07 09:00:00,0.296,0.261,0.272,0.284,0.3,0.295,100,8268,97.58,20.4,"Drought"
2022-10-07 13:00:00,0.295,0.26,0.27,0.283,0.299,0.294,100,8378,97.55,31.4,"Drought"
2022-10-07 17:00:00,0.297,0.261,0.272,0.284,0.301,0.296,100,8328,97.22,34.8,"Drought"
2022-10-07 21:00:00,0.3,0.262,0.273,0.286,0.302,0.298,100,8265,97.34,26.6,"Drought"
2022-10-08 01:00:00,0.298,0.261,0.273,0.285,0.301,0.297,100,8232,97.55,21.6,"Drought"
2022-10-08 05:00:00,0.296,0.26,0.271,0.283,0.299,0.295,100,8217,97.57,18.4,"Drought"
2022-10-08 09:00:00,0.295,0.259,0.27,0.282,0.298,0.293,100,8276,97.64,19.2,"Drought"
2022-10-08 13:00:00,0.294,0.258,0.269,0.281,0.296,0.292,100,8394,97.56,30.6,"Drought"
2022-10-08 17:00:00,0.296,0.258,0.27,0.282,0.298,0.294,100,8342,97.23,33.4,"Drought"
2022-10-08 21:00:00,0.298,0.259,0.271,0.284,0.3,0.296,100,8286,97.35,25.4,"Drought"
